CREATE DATABASE  IF NOT EXISTS `defectdb` /*!40100 DEFAULT CHARACTER SET utf8mb4 COLLATE utf8mb4_0900_ai_ci */ /*!80016 DEFAULT ENCRYPTION='N' */;
USE `defectdb`;
-- MySQL dump 10.13  Distrib 8.0.33, for Win64 (x86_64)
--
-- Host: localhost    Database: defectdb
-- ------------------------------------------------------
-- Server version	8.0.33

/*!40101 SET @OLD_CHARACTER_SET_CLIENT=@@CHARACTER_SET_CLIENT */;
/*!40101 SET @OLD_CHARACTER_SET_RESULTS=@@CHARACTER_SET_RESULTS */;
/*!40101 SET @OLD_COLLATION_CONNECTION=@@COLLATION_CONNECTION */;
/*!50503 SET NAMES utf8 */;
/*!40103 SET @OLD_TIME_ZONE=@@TIME_ZONE */;
/*!40103 SET TIME_ZONE='+00:00' */;
/*!40014 SET @OLD_UNIQUE_CHECKS=@@UNIQUE_CHECKS, UNIQUE_CHECKS=0 */;
/*!40014 SET @OLD_FOREIGN_KEY_CHECKS=@@FOREIGN_KEY_CHECKS, FOREIGN_KEY_CHECKS=0 */;
/*!40101 SET @OLD_SQL_MODE=@@SQL_MODE, SQL_MODE='NO_AUTO_VALUE_ON_ZERO' */;
/*!40111 SET @OLD_SQL_NOTES=@@SQL_NOTES, SQL_NOTES=0 */;

--
-- Table structure for table `auth_group`
--

DROP TABLE IF EXISTS `auth_group`;
/*!40101 SET @saved_cs_client     = @@character_set_client */;
/*!50503 SET character_set_client = utf8mb4 */;
CREATE TABLE `auth_group` (
  `id` int NOT NULL AUTO_INCREMENT,
  `name` varchar(150) NOT NULL,
  PRIMARY KEY (`id`),
  UNIQUE KEY `name` (`name`)
) ENGINE=InnoDB DEFAULT CHARSET=utf8mb4 COLLATE=utf8mb4_0900_ai_ci;
/*!40101 SET character_set_client = @saved_cs_client */;

--
-- Dumping data for table `auth_group`
--

LOCK TABLES `auth_group` WRITE;
/*!40000 ALTER TABLE `auth_group` DISABLE KEYS */;
/*!40000 ALTER TABLE `auth_group` ENABLE KEYS */;
UNLOCK TABLES;

--
-- Table structure for table `auth_group_permissions`
--

DROP TABLE IF EXISTS `auth_group_permissions`;
/*!40101 SET @saved_cs_client     = @@character_set_client */;
/*!50503 SET character_set_client = utf8mb4 */;
CREATE TABLE `auth_group_permissions` (
  `id` bigint NOT NULL AUTO_INCREMENT,
  `group_id` int NOT NULL,
  `permission_id` int NOT NULL,
  PRIMARY KEY (`id`),
  UNIQUE KEY `auth_group_permissions_group_id_permission_id_0cd325b0_uniq` (`group_id`,`permission_id`),
  KEY `auth_group_permissio_permission_id_84c5c92e_fk_auth_perm` (`permission_id`),
  CONSTRAINT `auth_group_permissio_permission_id_84c5c92e_fk_auth_perm` FOREIGN KEY (`permission_id`) REFERENCES `auth_permission` (`id`),
  CONSTRAINT `auth_group_permissions_group_id_b120cbf9_fk_auth_group_id` FOREIGN KEY (`group_id`) REFERENCES `auth_group` (`id`)
) ENGINE=InnoDB DEFAULT CHARSET=utf8mb4 COLLATE=utf8mb4_0900_ai_ci;
/*!40101 SET character_set_client = @saved_cs_client */;

--
-- Dumping data for table `auth_group_permissions`
--

LOCK TABLES `auth_group_permissions` WRITE;
/*!40000 ALTER TABLE `auth_group_permissions` DISABLE KEYS */;
/*!40000 ALTER TABLE `auth_group_permissions` ENABLE KEYS */;
UNLOCK TABLES;

--
-- Table structure for table `auth_permission`
--

DROP TABLE IF EXISTS `auth_permission`;
/*!40101 SET @saved_cs_client     = @@character_set_client */;
/*!50503 SET character_set_client = utf8mb4 */;
CREATE TABLE `auth_permission` (
  `id` int NOT NULL AUTO_INCREMENT,
  `name` varchar(255) NOT NULL,
  `content_type_id` int NOT NULL,
  `codename` varchar(100) NOT NULL,
  PRIMARY KEY (`id`),
  UNIQUE KEY `auth_permission_content_type_id_codename_01ab375a_uniq` (`content_type_id`,`codename`),
  CONSTRAINT `auth_permission_content_type_id_2f476e4b_fk_django_co` FOREIGN KEY (`content_type_id`) REFERENCES `django_content_type` (`id`)
) ENGINE=InnoDB AUTO_INCREMENT=41 DEFAULT CHARSET=utf8mb4 COLLATE=utf8mb4_0900_ai_ci;
/*!40101 SET character_set_client = @saved_cs_client */;

--
-- Dumping data for table `auth_permission`
--

LOCK TABLES `auth_permission` WRITE;
/*!40000 ALTER TABLE `auth_permission` DISABLE KEYS */;
INSERT INTO `auth_permission` VALUES (1,'Can add log entry',1,'add_logentry'),(2,'Can change log entry',1,'change_logentry'),(3,'Can delete log entry',1,'delete_logentry'),(4,'Can view log entry',1,'view_logentry'),(5,'Can add permission',2,'add_permission'),(6,'Can change permission',2,'change_permission'),(7,'Can delete permission',2,'delete_permission'),(8,'Can view permission',2,'view_permission'),(9,'Can add group',3,'add_group'),(10,'Can change group',3,'change_group'),(11,'Can delete group',3,'delete_group'),(12,'Can view group',3,'view_group'),(13,'Can add user',4,'add_user'),(14,'Can change user',4,'change_user'),(15,'Can delete user',4,'delete_user'),(16,'Can view user',4,'view_user'),(17,'Can add content type',5,'add_contenttype'),(18,'Can change content type',5,'change_contenttype'),(19,'Can delete content type',5,'delete_contenttype'),(20,'Can view content type',5,'view_contenttype'),(21,'Can add session',6,'add_session'),(22,'Can change session',6,'change_session'),(23,'Can delete session',6,'delete_session'),(24,'Can view session',6,'view_session'),(25,'Can add defect type',7,'add_defecttype'),(26,'Can change defect type',7,'change_defecttype'),(27,'Can delete defect type',7,'delete_defecttype'),(28,'Can view defect type',7,'view_defecttype'),(29,'Can add handrail',8,'add_handrail'),(30,'Can change handrail',8,'change_handrail'),(31,'Can delete handrail',8,'delete_handrail'),(32,'Can view handrail',8,'view_handrail'),(33,'Can add defect type threshold',9,'add_defecttypethreshold'),(34,'Can change defect type threshold',9,'change_defecttypethreshold'),(35,'Can delete defect type threshold',9,'delete_defecttypethreshold'),(36,'Can view defect type threshold',9,'view_defecttypethreshold'),(37,'Can add defect',10,'add_defect'),(38,'Can change defect',10,'change_defect'),(39,'Can delete defect',10,'delete_defect'),(40,'Can view defect',10,'view_defect');
/*!40000 ALTER TABLE `auth_permission` ENABLE KEYS */;
UNLOCK TABLES;

--
-- Table structure for table `auth_user`
--

DROP TABLE IF EXISTS `auth_user`;
/*!40101 SET @saved_cs_client     = @@character_set_client */;
/*!50503 SET character_set_client = utf8mb4 */;
CREATE TABLE `auth_user` (
  `id` int NOT NULL AUTO_INCREMENT,
  `password` varchar(128) NOT NULL,
  `last_login` datetime(6) DEFAULT NULL,
  `is_superuser` tinyint(1) NOT NULL,
  `username` varchar(150) NOT NULL,
  `first_name` varchar(150) NOT NULL,
  `last_name` varchar(150) NOT NULL,
  `email` varchar(254) NOT NULL,
  `is_staff` tinyint(1) NOT NULL,
  `is_active` tinyint(1) NOT NULL,
  `date_joined` datetime(6) NOT NULL,
  PRIMARY KEY (`id`),
  UNIQUE KEY `username` (`username`)
) ENGINE=InnoDB AUTO_INCREMENT=2 DEFAULT CHARSET=utf8mb4 COLLATE=utf8mb4_0900_ai_ci;
/*!40101 SET character_set_client = @saved_cs_client */;

--
-- Dumping data for table `auth_user`
--

LOCK TABLES `auth_user` WRITE;
/*!40000 ALTER TABLE `auth_user` DISABLE KEYS */;
INSERT INTO `auth_user` VALUES (1,'pbkdf2_sha256$600000$HA27hUERNlqZf3XzQYDtTd$7Vyyn7Cb7bY4yBGGiCboBFuJ0wF3pAt5hMXMXJggIRQ=','2024-02-28 09:45:02.088149',1,'Admin','MTR','MTR','info@mtr.com',1,1,'2024-02-07 09:51:02.093815');
/*!40000 ALTER TABLE `auth_user` ENABLE KEYS */;
UNLOCK TABLES;

--
-- Table structure for table `auth_user_groups`
--

DROP TABLE IF EXISTS `auth_user_groups`;
/*!40101 SET @saved_cs_client     = @@character_set_client */;
/*!50503 SET character_set_client = utf8mb4 */;
CREATE TABLE `auth_user_groups` (
  `id` bigint NOT NULL AUTO_INCREMENT,
  `user_id` int NOT NULL,
  `group_id` int NOT NULL,
  PRIMARY KEY (`id`),
  UNIQUE KEY `auth_user_groups_user_id_group_id_94350c0c_uniq` (`user_id`,`group_id`),
  KEY `auth_user_groups_group_id_97559544_fk_auth_group_id` (`group_id`),
  CONSTRAINT `auth_user_groups_group_id_97559544_fk_auth_group_id` FOREIGN KEY (`group_id`) REFERENCES `auth_group` (`id`),
  CONSTRAINT `auth_user_groups_user_id_6a12ed8b_fk_auth_user_id` FOREIGN KEY (`user_id`) REFERENCES `auth_user` (`id`)
) ENGINE=InnoDB DEFAULT CHARSET=utf8mb4 COLLATE=utf8mb4_0900_ai_ci;
/*!40101 SET character_set_client = @saved_cs_client */;

--
-- Dumping data for table `auth_user_groups`
--

LOCK TABLES `auth_user_groups` WRITE;
/*!40000 ALTER TABLE `auth_user_groups` DISABLE KEYS */;
/*!40000 ALTER TABLE `auth_user_groups` ENABLE KEYS */;
UNLOCK TABLES;

--
-- Table structure for table `auth_user_user_permissions`
--

DROP TABLE IF EXISTS `auth_user_user_permissions`;
/*!40101 SET @saved_cs_client     = @@character_set_client */;
/*!50503 SET character_set_client = utf8mb4 */;
CREATE TABLE `auth_user_user_permissions` (
  `id` bigint NOT NULL AUTO_INCREMENT,
  `user_id` int NOT NULL,
  `permission_id` int NOT NULL,
  PRIMARY KEY (`id`),
  UNIQUE KEY `auth_user_user_permissions_user_id_permission_id_14a6b632_uniq` (`user_id`,`permission_id`),
  KEY `auth_user_user_permi_permission_id_1fbb5f2c_fk_auth_perm` (`permission_id`),
  CONSTRAINT `auth_user_user_permi_permission_id_1fbb5f2c_fk_auth_perm` FOREIGN KEY (`permission_id`) REFERENCES `auth_permission` (`id`),
  CONSTRAINT `auth_user_user_permissions_user_id_a95ead1b_fk_auth_user_id` FOREIGN KEY (`user_id`) REFERENCES `auth_user` (`id`)
) ENGINE=InnoDB DEFAULT CHARSET=utf8mb4 COLLATE=utf8mb4_0900_ai_ci;
/*!40101 SET character_set_client = @saved_cs_client */;

--
-- Dumping data for table `auth_user_user_permissions`
--

LOCK TABLES `auth_user_user_permissions` WRITE;
/*!40000 ALTER TABLE `auth_user_user_permissions` DISABLE KEYS */;
/*!40000 ALTER TABLE `auth_user_user_permissions` ENABLE KEYS */;
UNLOCK TABLES;

--
-- Table structure for table `django_admin_log`
--

DROP TABLE IF EXISTS `django_admin_log`;
/*!40101 SET @saved_cs_client     = @@character_set_client */;
/*!50503 SET character_set_client = utf8mb4 */;
CREATE TABLE `django_admin_log` (
  `id` int NOT NULL AUTO_INCREMENT,
  `action_time` datetime(6) NOT NULL,
  `object_id` longtext,
  `object_repr` varchar(200) NOT NULL,
  `action_flag` smallint unsigned NOT NULL,
  `change_message` longtext NOT NULL,
  `content_type_id` int DEFAULT NULL,
  `user_id` int NOT NULL,
  PRIMARY KEY (`id`),
  KEY `django_admin_log_content_type_id_c4bce8eb_fk_django_co` (`content_type_id`),
  KEY `django_admin_log_user_id_c564eba6_fk_auth_user_id` (`user_id`),
  CONSTRAINT `django_admin_log_content_type_id_c4bce8eb_fk_django_co` FOREIGN KEY (`content_type_id`) REFERENCES `django_content_type` (`id`),
  CONSTRAINT `django_admin_log_user_id_c564eba6_fk_auth_user_id` FOREIGN KEY (`user_id`) REFERENCES `auth_user` (`id`),
  CONSTRAINT `django_admin_log_chk_1` CHECK ((`action_flag` >= 0))
) ENGINE=InnoDB DEFAULT CHARSET=utf8mb4 COLLATE=utf8mb4_0900_ai_ci;
/*!40101 SET character_set_client = @saved_cs_client */;

--
-- Dumping data for table `django_admin_log`
--

LOCK TABLES `django_admin_log` WRITE;
/*!40000 ALTER TABLE `django_admin_log` DISABLE KEYS */;
/*!40000 ALTER TABLE `django_admin_log` ENABLE KEYS */;
UNLOCK TABLES;

--
-- Table structure for table `django_content_type`
--

DROP TABLE IF EXISTS `django_content_type`;
/*!40101 SET @saved_cs_client     = @@character_set_client */;
/*!50503 SET character_set_client = utf8mb4 */;
CREATE TABLE `django_content_type` (
  `id` int NOT NULL AUTO_INCREMENT,
  `app_label` varchar(100) NOT NULL,
  `model` varchar(100) NOT NULL,
  PRIMARY KEY (`id`),
  UNIQUE KEY `django_content_type_app_label_model_76bd3d3b_uniq` (`app_label`,`model`)
) ENGINE=InnoDB AUTO_INCREMENT=11 DEFAULT CHARSET=utf8mb4 COLLATE=utf8mb4_0900_ai_ci;
/*!40101 SET character_set_client = @saved_cs_client */;

--
-- Dumping data for table `django_content_type`
--

LOCK TABLES `django_content_type` WRITE;
/*!40000 ALTER TABLE `django_content_type` DISABLE KEYS */;
INSERT INTO `django_content_type` VALUES (1,'admin','logentry'),(3,'auth','group'),(2,'auth','permission'),(4,'auth','user'),(5,'contenttypes','contenttype'),(6,'sessions','session'),(10,'webapp','defect'),(7,'webapp','defecttype'),(9,'webapp','defecttypethreshold'),(8,'webapp','handrail');
/*!40000 ALTER TABLE `django_content_type` ENABLE KEYS */;
UNLOCK TABLES;

--
-- Table structure for table `django_migrations`
--

DROP TABLE IF EXISTS `django_migrations`;
/*!40101 SET @saved_cs_client     = @@character_set_client */;
/*!50503 SET character_set_client = utf8mb4 */;
CREATE TABLE `django_migrations` (
  `id` bigint NOT NULL AUTO_INCREMENT,
  `app` varchar(255) NOT NULL,
  `name` varchar(255) NOT NULL,
  `applied` datetime(6) NOT NULL,
  PRIMARY KEY (`id`)
) ENGINE=InnoDB AUTO_INCREMENT=23 DEFAULT CHARSET=utf8mb4 COLLATE=utf8mb4_0900_ai_ci;
/*!40101 SET character_set_client = @saved_cs_client */;

--
-- Dumping data for table `django_migrations`
--

LOCK TABLES `django_migrations` WRITE;
/*!40000 ALTER TABLE `django_migrations` DISABLE KEYS */;
INSERT INTO `django_migrations` VALUES (1,'contenttypes','0001_initial','2024-02-06 16:05:58.673430'),(2,'auth','0001_initial','2024-02-06 16:05:59.111653'),(3,'admin','0001_initial','2024-02-06 16:05:59.199534'),(4,'admin','0002_logentry_remove_auto_add','2024-02-06 16:05:59.205433'),(5,'admin','0003_logentry_add_action_flag_choices','2024-02-06 16:05:59.212533'),(6,'contenttypes','0002_remove_content_type_name','2024-02-06 16:05:59.298944'),(7,'auth','0002_alter_permission_name_max_length','2024-02-06 16:05:59.323763'),(8,'auth','0003_alter_user_email_max_length','2024-02-06 16:05:59.341937'),(9,'auth','0004_alter_user_username_opts','2024-02-06 16:05:59.354306'),(10,'auth','0005_alter_user_last_login_null','2024-02-06 16:05:59.389938'),(11,'auth','0006_require_contenttypes_0002','2024-02-06 16:05:59.389938'),(12,'auth','0007_alter_validators_add_error_messages','2024-02-06 16:05:59.403341'),(13,'auth','0008_alter_user_username_max_length','2024-02-06 16:05:59.442365'),(14,'auth','0009_alter_user_last_name_max_length','2024-02-06 16:05:59.490614'),(15,'auth','0010_alter_group_name_max_length','2024-02-06 16:05:59.504607'),(16,'auth','0011_update_proxy_permissions','2024-02-06 16:05:59.504607'),(17,'auth','0012_alter_user_first_name_max_length','2024-02-06 16:05:59.560068'),(18,'sessions','0001_initial','2024-02-06 16:05:59.590577'),(19,'webapp','0001_initial','2024-02-06 16:05:59.752212'),(20,'webapp','0002_defect_sseverity','2024-02-07 09:39:39.732436'),(21,'webapp','0003_alter_defecttype_sdefecttypeid_and_more','2024-03-13 17:11:50.207674'),(22,'webapp','0004_alter_handrail_shandrailid','2024-03-13 17:16:40.219490');
/*!40000 ALTER TABLE `django_migrations` ENABLE KEYS */;
UNLOCK TABLES;

--
-- Table structure for table `django_session`
--

DROP TABLE IF EXISTS `django_session`;
/*!40101 SET @saved_cs_client     = @@character_set_client */;
/*!50503 SET character_set_client = utf8mb4 */;
CREATE TABLE `django_session` (
  `session_key` varchar(40) NOT NULL,
  `session_data` longtext NOT NULL,
  `expire_date` datetime(6) NOT NULL,
  PRIMARY KEY (`session_key`),
  KEY `django_session_expire_date_a5c62663` (`expire_date`)
) ENGINE=InnoDB DEFAULT CHARSET=utf8mb4 COLLATE=utf8mb4_0900_ai_ci;
/*!40101 SET character_set_client = @saved_cs_client */;

--
-- Dumping data for table `django_session`
--

LOCK TABLES `django_session` WRITE;
/*!40000 ALTER TABLE `django_session` DISABLE KEYS */;
INSERT INTO `django_session` VALUES ('4mwukrcopni6s4ff4vco44pk8i0tc1p8','.eJzFk8tOwzAQRX8l8rptHiR97UBIsGGJWNCqmngmjSFxKjsRgqr_TtyWqjUkLW8pi2jm-njunWTJZlCV6azSpGYC2Zj5rLNfi4E_kjQNfAA5L3q8kKUScc9Ietuu7t0USNnFVnsASEGn9WkKCD1Ez48QEy_E4ShIovrxE49oOAiHwSjuxxDFEYYDThBQcjbiQ-xHISAkZKA5yUrXrPvlhEnIacLGzoSd11eRLAWHUhTSAYmOKRVKvKwrE9apVYKbN6NPQDsJdHUqKMMuZOVGkBsH2kgO8VeqqBa6AWIc6i4v5pt-pbJN2wXMhXRNCu7cANyNABBvmzV1d6uLFQFyVeXxBxP9gOFVx_mSydXUKEigEfieF9igW6N9z1FvnJacTPtITGvJ_6V03Jydz5ld8G3mHcWwWDRAuVA8o_bv85IS4qVTPi_IKVNFOi0ybJpyH2gv4Wk9iYtrnsHtaM1baTlz4ppO8m-H9iXP9iqiFuqP5PeJ2P4qrc9m1LdZ1_V_pEBk3wgo3SKOxrMT_mY4pxqykxnYhXA1ZatXmyJdTA:1rkbR1:o7dWbfmJs-verN4EJBHZZQstqDxS1lL_zEbUHkMWP3Y','2024-03-28 11:07:11.785196'),('7lhhir0ldst7n1lodf21gg6sp1m2zgrp','.eJzFk1tP4zAQhf9K5Oe2uZD0whurlXZf9hHxQFE18Uwas4lT2YlWC-p_x9MWBIa05S7lIZo5_jznTHIrFtC15aKzZBYKxamIxeBxLQf5lzQ38Br0shnJRrdG5SOWjHZdO_rTIFU_dtongBJs6U5TQhghRnGGWEQpTmdJkbknLiKi6SSdJrN8nEOWZ5hOJEFCxclMTnGcpYBQkIMyzpHOsFaa76hJd9YVLm_nQkNNc3EazMWZu5l0qyS0qtEBaAy41Bh1s6nMxcCplOQ31hdggwKGtlRU4RCqdiuo2ZBlyVP8L9N0K9sD4QntUDbLbb8z1bYdAs8ccijhkgHhVgCI5_0a193pckOA0nR1_sJEH2B4PQjeZHJ9xQpSyII4ihIfdM7a5xxzz9mTE7cPxLSRfF9Kh835-Zz4hdhnXlAOq1UPVCojK9r_ff6kgmQbtP9XFLSlIVs2FfZN-RjoL-HfZpIQNzzGPdD6t7LnzJFrOsq_H9qbPPuryPZQPyS_V8T2VWm9NqOxz_rt_iMDqnpHQOUOcTCeB-FnhnOsIT-ZiV9I11difQeL2GHi:1rd0GQ:dJXBhePAupAoCEyQCTLTzi-boEvFAxGvDeoQQm74oUs','2024-03-07 12:00:50.542870'),('jaj3a18iek1ft6d1zyzgrxk0ya8yoyye','.eJzFk8tOwzAQRX8l8rptHiR97UBIsGGJWNCqmngmjSFxKjsRgqr_TtyWqjUkLW8pi2jm-njunWTJZlCV6azSpGYC2Zj5rLNfi4E_kjQNfAA5L3q8kKUScc9Ietuu7t0USNnFVnsASEGn9WkKCD1Ez48QEy_E4ShIovrxE49oOAiHwSjuxxDFEYYDThBQcjbiQ-xHISAkZKA5yUrXrPvlhEnIacLGzoSd11eRLAWHUhTSAYmOKRVKvKwrE9apVYKbN6NPQDsJdHUqKMMuZOVGkBsH2kgO8VeqqBa6AWIc6i4v5pt-pbJN2wXMhXRNCu7cANyNABBvmzV1d6uLFQFyVeXxBxP9gOFVx_mSydXUKEigEfieF9igW6N9z1FvnJacTPtITGvJ_6V03Jydz5ld8G3mHcWwWDRAuVA8o_bv85IS4qVTPi_IKVNFOi0ybJpyH2gv4Wk9iYtrnsHtaM1baTlz4ppO8m-H9iXP9iqiFuqP5PeJ2P4qrc9m1LdZ1_V_pEBk3wgo3SKOxrMT_mY4pxqykxnYhXA1ZatXmyJdTA:1rXea8:AXhWn8bV1EoJEMBIkcHtGUzzCGgHy4elV6W19JRVfAo','2024-02-21 17:51:04.865707'),('s4so9epbnjjyd9yuuau212x9r9dmbn14','.eJzFk1tP4zAQhf9K5Oe2uZD0whurlXZf9hHxQFE18Uwas4lT2YlWC-p_x9MWBIa05S7lIZo5_jznTHIrFtC15aKzZBYKxamIxeBxLQf5lzQ38Br0shnJRrdG5SOWjHZdO_rTIFU_dtongBJs6U5TQhghRnGGWEQpTmdJkbknLiKi6SSdJrN8nEOWZ5hOJEFCxclMTnGcpYBQkIMyzpHOsFaa76hJd9YVLm_nQkNNc3EazMWZu5l0qyS0qtEBaAy41Bh1s6nMxcCplOQ31hdggwKGtlRU4RCqdiuo2ZBlyVP8L9N0K9sD4QntUDbLbb8z1bYdAs8ccijhkgHhVgCI5_0a193pckOA0nR1_sJEH2B4PQjeZHJ9xQpSyII4ihIfdM7a5xxzz9mTE7cPxLSRfF9Kh835-Zz4hdhnXlAOq1UPVCojK9r_ff6kgmQbtP9XFLSlIVs2FfZN-RjoL-HfZpIQNzzGPdD6t7LnzJFrOsq_H9qbPPuryPZQPyS_V8T2VWm9NqOxz_rt_iMDqnpHQOUOcTCeB-FnhnOsIT-ZiV9I11difQeL2GHi:1rYLS5:bBoylstR-G5E5bKa7XPywFxGlRCY-wBKPAKNVGWNfgQ','2024-02-23 15:37:37.559604');
/*!40000 ALTER TABLE `django_session` ENABLE KEYS */;
UNLOCK TABLES;

--
-- Table structure for table `webapp_defect`
--

DROP TABLE IF EXISTS `webapp_defect`;
/*!40101 SET @saved_cs_client     = @@character_set_client */;
/*!50503 SET character_set_client = utf8mb4 */;
CREATE TABLE `webapp_defect` (
  `sDefectID` int NOT NULL AUTO_INCREMENT,
  `sDefectTimeStamp` datetime(6) NOT NULL,
  `sLength` double NOT NULL,
  `sWidth` double NOT NULL,
  `sDepth` double NOT NULL,
  `sDistanceFromStartPoint` double NOT NULL,
  `sSpeed` double NOT NULL,
  `sDefectPhotoLocation` varchar(200) NOT NULL,
  `sDefectDefectTypeID_id` int NOT NULL,
  `sDefectHandrailID_id` int NOT NULL,
  `sSeverity` varchar(30) NOT NULL,
  PRIMARY KEY (`sDefectID`),
  KEY `webapp_defect_sDefectDefectTypeID__68f47559_fk_webapp_de` (`sDefectDefectTypeID_id`),
  KEY `webapp_defect_sDefectHandrailID_id_e8341f66_fk` (`sDefectHandrailID_id`),
  CONSTRAINT `webapp_defect_sDefectDefectTypeID__68f47559_fk_webapp_de` FOREIGN KEY (`sDefectDefectTypeID_id`) REFERENCES `webapp_defecttype` (`sDefectTypeID`),
  CONSTRAINT `webapp_defect_sDefectHandrailID_id_e8341f66_fk` FOREIGN KEY (`sDefectHandrailID_id`) REFERENCES `webapp_handrail` (`sHandrailID`)
) ENGINE=InnoDB AUTO_INCREMENT=23 DEFAULT CHARSET=utf8mb4 COLLATE=utf8mb4_0900_ai_ci;
/*!40101 SET character_set_client = @saved_cs_client */;

--
-- Dumping data for table `webapp_defect`
--

LOCK TABLES `webapp_defect` WRITE;
/*!40000 ALTER TABLE `webapp_defect` DISABLE KEYS */;
INSERT INTO `webapp_defect` VALUES (1,'2023-10-13 04:41:35.000000',3.02,5.53,-1.7,16.56,6,'abc.jfif',1,53,'Action'),(2,'2023-10-13 04:41:35.000000',0.62,0.73,-1,32.88,6,'abc.jfif',2,54,'Alarm'),(3,'2023-10-13 04:41:35.000000',1.02,5.19,-2.7,78.36,6,'abc.jfif',3,55,'Alert'),(4,'2023-10-13 06:43:15.000000',3.02,5.53,-1.7,16.56,2,'abc.jfif',4,56,'Normal'),(5,'2023-10-13 06:43:15.000000',0.62,0.73,-1,32.88,2,'abc.jfif',2,57,'Normal'),(6,'2023-10-13 06:43:15.000000',1.02,5.19,-2.7,78.36,2,'abc.jfif',2,53,'Alert'),(7,'2023-10-25 03:36:01.000000',3.02,5.53,-1.7,16.56,2,'abc.jfif',3,54,'Normal'),(8,'2023-10-25 03:36:02.000000',0.62,0.73,-1,32.88,2,'abc.jfif',4,55,'Normal'),(9,'2023-10-25 03:36:02.000000',1.02,5.19,-2.7,78.36,2,'abc.jfif',1,56,'Normal'),(10,'2023-10-13 04:41:35.000000',1.02,5.19,-2.7,78.36,6,'abc.jfif',1,57,'Alert'),(11,'2023-10-13 06:43:15.000000',3.02,5.53,-1.7,16.56,2,'abc.jfif',1,53,'Normal'),(12,'2023-10-13 06:43:15.000000',0.62,0.73,-1,32.88,2,'abc.jfif',1,54,'Normal'),(13,'2023-10-13 06:43:15.000000',1.02,5.19,-2.7,78.36,2,'abc.jfif',1,55,'Alert'),(14,'2023-10-25 03:36:01.000000',3.02,5.53,-1.7,16.56,2,'abc.jfif',1,56,'Normal'),(15,'2023-10-25 03:36:02.000000',0.62,0.73,-1,32.88,2,'abc.jfif',1,57,'Normal'),(16,'2023-10-25 03:36:02.000000',1.02,5.19,-2.7,78.36,2,'abc.jfif',1,53,'Normal'),(17,'2024-02-10 10:57:45.000000',2,3,4,5,0.75,'abc.jfif',1,54,'Normal'),(18,'2024-02-10 10:57:45.000000',2,3,4,5,0.75,'abc.jfif',1,55,'Normal'),(19,'2024-02-10 10:57:45.000000',2,3,4,5,0.75,'abc.jfif',1,56,'Normal'),(20,'2024-02-10 10:57:45.000000',2,3,4,5,0.75,'abc.jfif',1,57,'Normal'),(21,'2024-02-10 10:57:45.000000',2,3,4,5,0.75,'abc.jfif',1,53,'Normal'),(22,'2024-02-10 10:57:45.000000',2,3,4,5,0.75,'abc.jfif',1,54,'Normal');
/*!40000 ALTER TABLE `webapp_defect` ENABLE KEYS */;
UNLOCK TABLES;

--
-- Table structure for table `webapp_defecttype`
--

DROP TABLE IF EXISTS `webapp_defecttype`;
/*!40101 SET @saved_cs_client     = @@character_set_client */;
/*!50503 SET character_set_client = utf8mb4 */;
CREATE TABLE `webapp_defecttype` (
  `sDefectTypeID` int NOT NULL AUTO_INCREMENT,
  `sDefectTypeName` varchar(30) NOT NULL,
  PRIMARY KEY (`sDefectTypeID`)
) ENGINE=InnoDB AUTO_INCREMENT=5 DEFAULT CHARSET=utf8mb4 COLLATE=utf8mb4_0900_ai_ci;
/*!40101 SET character_set_client = @saved_cs_client */;

--
-- Dumping data for table `webapp_defecttype`
--

LOCK TABLES `webapp_defecttype` WRITE;
/*!40000 ALTER TABLE `webapp_defecttype` DISABLE KEYS */;
INSERT INTO `webapp_defecttype` VALUES (1,'Damage'),(2,'Multiple Types'),(3,'Exposed Steal Core'),(4,'Repaired Joint');
/*!40000 ALTER TABLE `webapp_defecttype` ENABLE KEYS */;
UNLOCK TABLES;

--
-- Table structure for table `webapp_defecttypethreshold`
--

DROP TABLE IF EXISTS `webapp_defecttypethreshold`;
/*!40101 SET @saved_cs_client     = @@character_set_client */;
/*!50503 SET character_set_client = utf8mb4 */;
CREATE TABLE `webapp_defecttypethreshold` (
  `sDefectTypeThresholdID` int NOT NULL AUTO_INCREMENT,
  `sSeverity` varchar(30) NOT NULL,
  `sLengthThreshold` double NOT NULL,
  `sWidthhThreshold` double NOT NULL,
  `sDepthThreshold` double NOT NULL,
  `sThresholdDefectTypeID_id` int NOT NULL,
  PRIMARY KEY (`sDefectTypeThresholdID`),
  KEY `webapp_defecttypethr_sThresholdDefectType_7e4b9294_fk_webapp_de` (`sThresholdDefectTypeID_id`),
  CONSTRAINT `webapp_defecttypethr_sThresholdDefectType_7e4b9294_fk_webapp_de` FOREIGN KEY (`sThresholdDefectTypeID_id`) REFERENCES `webapp_defecttype` (`sDefectTypeID`)
) ENGINE=InnoDB AUTO_INCREMENT=5 DEFAULT CHARSET=utf8mb4 COLLATE=utf8mb4_0900_ai_ci;
/*!40101 SET character_set_client = @saved_cs_client */;

--
-- Dumping data for table `webapp_defecttypethreshold`
--

LOCK TABLES `webapp_defecttypethreshold` WRITE;
/*!40000 ALTER TABLE `webapp_defecttypethreshold` DISABLE KEYS */;
INSERT INTO `webapp_defecttypethreshold` VALUES (1,'Alert',1,2,3,1),(2,'Alarm',2,4,6,1),(3,'Action',3,6,9,1),(4,'Alert',1,2,3,2);
/*!40000 ALTER TABLE `webapp_defecttypethreshold` ENABLE KEYS */;
UNLOCK TABLES;

--
-- Table structure for table `webapp_handrail`
--

DROP TABLE IF EXISTS `webapp_handrail`;
/*!40101 SET @saved_cs_client     = @@character_set_client */;
/*!50503 SET character_set_client = utf8mb4 */;
CREATE TABLE `webapp_handrail` (
  `sHandrailID` int NOT NULL AUTO_INCREMENT,
  `sHandrailCode` varchar(50) NOT NULL,
  `sLine` varchar(50) NOT NULL,
  `sStation` varchar(50) NOT NULL,
  `sEscNo` varchar(50) NOT NULL,
  `sPosition` varchar(10) NOT NULL,
  PRIMARY KEY (`sHandrailID`)
) ENGINE=InnoDB AUTO_INCREMENT=2496 DEFAULT CHARSET=utf8mb4 COLLATE=utf8mb4_0900_ai_ci;
/*!40101 SET character_set_client = @saved_cs_client */;

--
-- Dumping data for table `webapp_handrail`
--

LOCK TABLES `webapp_handrail` WRITE;
/*!40000 ALTER TABLE `webapp_handrail` DISABLE KEYS */;
INSERT INTO `webapp_handrail` VALUES (2,'1','ISL','ADM','ADM-AE1','Left'),(3,'1','ISL','ADM','ADM-BE1','Left'),(4,'1','ISL','ADM','ADM-CE1','Left'),(5,'1','ISL','ADM','ADM-DE1','Left'),(6,'1','ISL','ADM','ADM-E1','Left'),(7,'1','ISL','ADM','ADM-E18','Left'),(8,'1','ISL','ADM','ADM-E19','Left'),(9,'1','ISL','ADM','ADM-E2','Left'),(10,'1','ISL','ADM','ADM-E20','Left'),(11,'1','ISL','ADM','ADM-E21','Left'),(12,'1','ISL','ADM','ADM-E22','Left'),(13,'1','ISL','ADM','ADM-E26','Left'),(14,'1','ISL','ADM','ADM-E27','Left'),(15,'1','ISL','ADM','ADM-E28','Left'),(16,'1','ISL','ADM','ADM-E29','Left'),(17,'1','ISL','ADM','ADM-E30','Left'),(18,'1','ISL','ADM','ADM-E31','Left'),(19,'1','ISL','ADM','ADM-E32','Left'),(20,'1','ISL','ADM','ADM-E33','Left'),(21,'1','ISL','ADM','ADM-E34','Left'),(22,'1','ISL','ADM','ADM-E35','Left'),(23,'1','ISL','ADM','ADM-E36','Left'),(24,'1','ISL','ADM','ADM-E5','Left'),(25,'1','ISL','ADM','ADM-E6','Left'),(26,'1','ISL','ADM','ADM-E7','Left'),(27,'1','ISL','ADM','ADM-EE1','Left'),(28,'1','ISL','ADM','ADM-EE2','Left'),(29,'1','AEL','AIR','AIR-W1','Left'),(30,'1','AEL','AIR','AIR-W2','Left'),(31,'1','TML','AUS','AUS-E1','Left'),(32,'1','TML','AUS','AUS-E10','Left'),(33,'1','TML','AUS','AUS-E11','Left'),(34,'1','TML','AUS','AUS-E12','Left'),(35,'1','TML','AUS','AUS-E13','Left'),(36,'1','TML','AUS','AUS-E14','Left'),(37,'1','TML','AUS','AUS-E15','Left'),(38,'1','TML','AUS','AUS-E19','Left'),(39,'1','TML','AUS','AUS-E2','Left'),(40,'1','TML','AUS','AUS-E20','Left'),(41,'1','TML','AUS','AUS-E21','Left'),(42,'1','TML','AUS','AUS-E22','Left'),(43,'1','TML','AUS','AUS-E3','Left'),(44,'1','TML','AUS','AUS-E4','Left'),(45,'1','TML','AUS','AUS-E5','Left'),(46,'1','TML','AUS','AUS-E6','Left'),(47,'1','TML','AUS','AUS-E7','Left'),(48,'1','TML','AUS','AUS-E8','Left'),(49,'1','TML','AUS','AUS-E9','Left'),(50,'1','AEL','AWE','AWE-E1','Left'),(51,'1','AEL','AWE','AWE-E2','Left'),(52,'1','AEL','AWE','AWE-E3','Left'),(53,'1','ISL','CAB','CAB-AE1','Left'),(54,'1','ISL','CAB','CAB-AE2','Left'),(55,'1','ISL','CAB','CAB-AE3','Left'),(56,'1','ISL','CAB','CAB-AE4','Left'),(57,'1','ISL','CAB','CAB-BE1','Left'),(58,'1','ISL','CAB','CAB-BE2','Left'),(59,'1','ISL','CAB','CAB-DE1','Left'),(60,'1','ISL','CAB','CAB-DE2','Left'),(61,'1','ISL','CAB','CAB-E1','Left'),(62,'1','ISL','CAB','CAB-E10','Left'),(63,'1','ISL','ADM','ADM-E03','Left'),(64,'1','ISL','ADM','ADM-E04','Left'),(65,'1','ISL','ADM','ADM-E08','Left'),(66,'1','ISL','CAB','CAB-E11','Left'),(67,'1','ISL','CAB','CAB-E12','Left'),(68,'1','ISL','CAB','CAB-E13','Left'),(69,'1','ISL','CAB','CAB-E2','Left'),(70,'1','ISL','CAB','CAB-E3','Left'),(71,'1','ISL','CAB','CAB-E4','Left'),(72,'1','ISL','CAB','CAB-E5','Left'),(73,'1','ISL','CAB','CAB-E6','Left'),(74,'1','ISL','CAB','CAB-E7','Left'),(75,'1','ISL','CAB','CAB-E8','Left'),(76,'1','ISL','CAB','CAB-E9','Left'),(77,'1','ISL','CAB','CAB-EE1','Left'),(78,'1','ISL','CAB','CAB-EE2','Left'),(79,'1','ISL','CAB','CAB-EE3','Left'),(80,'1','ISL','CAB','CAB-EE4','Left'),(81,'1','ISL','CAB','CAB-FE1','Left'),(82,'1','ISL','CAB','CAB-FE2','Left'),(83,'1','ISL','CEN','CEN-AE1','Left'),(84,'1','ISL','CEN','CEN-AE2','Left'),(85,'1','ISL','CEN','CEN-AE3','Left'),(86,'1','ISL','CEN','CEN-AE4','Left'),(87,'1','ISL','CEN','CEN-AE5','Left'),(88,'1','ISL','CEN','CEN-AE6','Left'),(89,'1','ISL','CEN','CEN-BE1','Left'),(90,'1','ISL','CEN','CEN-BE2','Left'),(91,'1','ISL','CEN','CEN-BE4','Left'),(92,'1','ISL','ADM','ADM-E09','Left'),(93,'1','ISL','ADM','ADM-E10','Left'),(94,'1','ISL','ADM','ADM-E12','Left'),(95,'1','ISL','ADM','ADM-E13','Left'),(96,'1','ISL','CEN','CEN-E1','Left'),(97,'1','ISL','CEN','CEN-E10','Left'),(98,'1','ISL','CEN','CEN-E11','Left'),(99,'1','ISL','CEN','CEN-E12','Left'),(100,'1','ISL','CEN','CEN-E13','Left'),(101,'1','ISL','CEN','CEN-E14','Left'),(102,'1','ISL','CEN','CEN-E15','Left'),(103,'1','ISL','CEN','CEN-E16','Left'),(104,'1','ISL','CEN','CEN-E17','Left'),(105,'1','ISL','CEN','CEN-E18','Left'),(106,'1','ISL','CEN','CEN-E19','Left'),(107,'1','ISL','CEN','CEN-E2','Left'),(108,'1','ISL','CEN','CEN-E20','Left'),(109,'1','ISL','CEN','CEN-E21','Left'),(110,'1','ISL','CEN','CEN-E22','Left'),(111,'1','ISL','CEN','CEN-E23','Left'),(112,'1','ISL','CEN','CEN-E24','Left'),(113,'1','ISL','CEN','CEN-E25','Left'),(114,'1','ISL','CEN','CEN-E3','Left'),(115,'1','ISL','CEN','CEN-E4','Left'),(116,'1','ISL','CEN','CEN-E5','Left'),(117,'1','ISL','CEN','CEN-E6','Left'),(118,'1','ISL','CEN','CEN-E8','Left'),(119,'1','ISL','CEN','CEN-E9','Left'),(120,'1','ISL','CEN','CEN-JE1','Left'),(121,'1','ISL','CEN','CEN-JE2','Left'),(122,'1','ISL','CEN','CEN-KE1','Left'),(123,'1','ISL','CEN','CEN-KE2','Left'),(124,'1','ISL','CEN','CEN-KE3','Left'),(125,'1','KTL','CHH','CHH-BE1','Left'),(126,'1','KTL','CHH','CHH-E1','Left'),(127,'1','KTL','CHH','CHH-E2','Left'),(128,'1','KTL','CHH','CHH-E3','Left'),(129,'1','KTL','CHH','CHH-E4','Left'),(130,'1','KTL','CHH','CHH-E5','Left'),(131,'1','KTL','CHH','CHH-E6','Left'),(132,'1','KTL','CHH','CHH-E7','Left'),(133,'1','KTL','CHH','CHH-E8','Left'),(134,'1','ISL','CHW','CHW-BE1','Left'),(135,'1','ISL','CHW','CHW-BE2','Left'),(136,'1','ISL','CHW','CHW-CE1','Left'),(137,'1','ISL','CHW','CHW-CE2','Left'),(138,'1','ISL','CHW','CHW-E1','Left'),(139,'1','ISL','CHW','CHW-E2','Left'),(140,'1','ISL','CHW','CHW-E3','Left'),(141,'1','ISL','CHW','CHW-E4','Left'),(142,'1','ISL','CHW','CHW-E5','Left'),(143,'1','TWL','CSW','CSW-AE1','Left'),(144,'1','TWL','CSW','CSW-AE2','Left'),(145,'1','TWL','CSW','CSW-AE3','Left'),(146,'1','TWL','CSW','CSW-BE1','Left'),(147,'1','TWL','CSW','CSW-CE1','Left'),(148,'1','TWL','CSW','CSW-E1','Left'),(149,'1','TWL','CSW','CSW-E2','Left'),(150,'1','TWL','CSW','CSW-E3','Left'),(151,'1','TWL','CSW','CSW-E4','Left'),(152,'1','TWL','CSW','CSW-E5','Left'),(153,'1','KTL','DIH','DIH-AE1','Left'),(154,'1','KTL','DIH','DIH-AE2','Left'),(155,'1','KTL','DIH','DIH-AE3','Left'),(156,'1','KTL','DIH','DIH-BE1','Left'),(157,'1','KTL','DIH','DIH-CE1','Left'),(158,'1','KTL','DIH','DIH-CE2','Left'),(159,'1','KTL','DIH','DIH-CE3','Left'),(160,'1','KTL','DIH','DIH-CE4','Left'),(161,'1','KTL','DIH','DIH-E1','Left'),(162,'1','KTL','DIH','DIH-E2','Left'),(163,'1','KTL','DIH','DIH-E4','Left'),(164,'1','KTL','DIH','DIH-E5','Left'),(165,'1','DRL','DIS','DIS-E1','Left'),(166,'1','DRL','DIS','DIS-E2','Left'),(167,'1','TML','ETS','ETS-M5A','Left'),(168,'1','TML','ETS','ETS-M5B','Left'),(169,'1','TML','ETS','ETS-M5C','Left'),(170,'1','TML','ETS','ETS-M5D','Left'),(171,'1','TML','ETS','ETS-M6A','Left'),(172,'1','TML','ETS','ETS-M6B','Left'),(173,'1','EAL','EXC','EXC-AE1','Left'),(174,'1','EAL','EXC','EXC-AE2','Left'),(175,'1','EAL','EXC','EXC-AE3','Left'),(176,'1','EAL','EXC','EXC-AE4','Left'),(177,'1','EAL','EXC','EXC-AE5','Left'),(178,'1','EAL','EXC','EXC-AE6','Left'),(179,'1','EAL','EXC','EXC-BE1','Left'),(180,'1','EAL','EXC','EXC-BE2','Left'),(181,'1','EAL','EXC','EXC-BE3','Left'),(182,'1','EAL','EXC','EXC-BE4','Left'),(183,'1','EAL','EXC','EXC-BE5','Left'),(184,'1','EAL','EXC','EXC-BE6','Left'),(185,'1','EAL','EXC','EXC-BE7','Left'),(186,'1','EAL','EXC','EXC-E1','Left'),(187,'1','EAL','EXC','EXC-E10','Left'),(188,'1','EAL','EXC','EXC-E11','Left'),(189,'1','EAL','EXC','EXC-E2','Left'),(190,'1','EAL','EXC','EXC-E3','Left'),(191,'1','EAL','EXC','EXC-E4','Left'),(192,'1','EAL','EXC','EXC-E5','Left'),(193,'1','EAL','EXC','EXC-E6','Left'),(194,'1','EAL','EXC','EXC-E7','Left'),(195,'1','EAL','EXC','EXC-E8','Left'),(196,'1','EAL','EXC','EXC-E9','Left'),(197,'1','EAL','FAN','FAN-E1','Left'),(198,'1','EAL','FAN','FAN-E2','Left'),(199,'1','EAL','FAN','FAN-E3','Left'),(200,'1','EAL','FAN','FAN-E4','Left'),(201,'1','EAL','FAN','FAN-E5','Left'),(202,'1','EAL','FAN','FAN-E6','Left'),(203,'1','EAL','FAN','FAN-E7','Left'),(204,'1','EAL','FAN','FAN-E8','Left'),(205,'1','ISL','FOH','FOH-AE1','Left'),(206,'1','ISL','FOH','FOH-BE1','Left'),(207,'1','ISL','FOH','FOH-BE2','Left'),(208,'1','ISL','FOH','FOH-E1','Left'),(209,'1','ISL','FOH','FOH-E2','Left'),(210,'1','ISL','FOH','FOH-E3','Left'),(211,'1','ISL','FOH','FOH-E4','Left'),(212,'1','EAL','FOT','FOT-E1','Left'),(213,'1','EAL','FOT','FOT-E10','Left'),(214,'1','EAL','FOT','FOT-E11','Left'),(215,'1','EAL','FOT','FOT-E12','Left'),(216,'1','EAL','FOT','FOT-E2','Left'),(217,'1','EAL','FOT','FOT-E3','Left'),(218,'1','EAL','FOT','FOT-E4','Left'),(219,'1','EAL','FOT','FOT-E5','Left'),(220,'1','EAL','FOT','FOT-E6','Left'),(221,'1','EAL','FOT','FOT-E7','Left'),(222,'1','EAL','FOT','FOT-E8','Left'),(223,'1','EAL','FOT','FOT-E9','Left'),(224,'1','ISL','HFC','HFC-AE1','Left'),(225,'1','ISL','HFC','HFC-AE2','Left'),(226,'1','ISL','HFC','HFC-E1','Left'),(227,'1','ISL','HFC','HFC-E2','Left'),(228,'1','TCL','HOK','HOK-E1','Left'),(229,'1','TCL','HOK','HOK-E10','Left'),(230,'1','TCL','HOK','HOK-E11','Left'),(231,'1','TCL','HOK','HOK-E12','Left'),(232,'1','TCL','HOK','HOK-E13','Left'),(233,'1','TCL','HOK','HOK-E14','Left'),(234,'1','TCL','HOK','HOK-E15','Left'),(235,'1','TCL','HOK','HOK-E16','Left'),(236,'1','TCL','HOK','HOK-E17','Left'),(237,'1','TCL','HOK','HOK-E18','Left'),(238,'1','TCL','HOK','HOK-E19','Left'),(239,'1','TCL','HOK','HOK-E2','Left'),(240,'1','TCL','HOK','HOK-E20','Left'),(241,'1','TCL','HOK','HOK-E21','Left'),(242,'1','TCL','HOK','HOK-E22','Left'),(243,'1','TCL','HOK','HOK-E23','Left'),(244,'1','TCL','HOK','HOK-E24','Left'),(245,'1','TCL','HOK','HOK-E25','Left'),(246,'1','TCL','HOK','HOK-E26','Left'),(247,'1','TCL','HOK','HOK-E27','Left'),(248,'1','TCL','HOK','HOK-E28','Left'),(249,'1','TCL','HOK','HOK-E29','Left'),(250,'1','TCL','HOK','HOK-E3','Left'),(251,'1','TCL','HOK','HOK-E30','Left'),(252,'1','TCL','HOK','HOK-E31','Left'),(253,'1','TCL','HOK','HOK-E32','Left'),(254,'1','TCL','HOK','HOK-E33','Left'),(255,'1','TCL','HOK','HOK-E34','Left'),(256,'1','TCL','HOK','HOK-E35','Left'),(257,'1','TCL','HOK','HOK-E36','Left'),(258,'1','TCL','HOK','HOK-E37','Left'),(259,'1','TCL','HOK','HOK-E38','Left'),(260,'1','TCL','HOK','HOK-E4','Left'),(261,'1','TCL','HOK','HOK-E43','Left'),(262,'1','TCL','HOK','HOK-E44','Left'),(263,'1','TCL','HOK','HOK-E5','Left'),(264,'1','TCL','HOK','HOK-E6','Left'),(265,'1','TCL','HOK','HOK-E7','Left'),(266,'1','TCL','HOK','HOK-E8','Left'),(267,'1','TCL','HOK','HOK-E9','Left'),(268,'1','TCL','HOK','HOK-PC1','Left'),(269,'1','TCL','HOK','HOK-PC2','Left'),(270,'1','TCL','HOK','HOK-PC3','Left'),(271,'1','TCL','HOK','HOK-PC4','Left'),(272,'1','EAL','HUH','HUH-E1','Left'),(273,'1','EAL','HUH','HUH-E10','Left'),(274,'1','EAL','HUH','HUH-E11','Left'),(275,'1','EAL','HUH','HUH-E12','Left'),(276,'1','EAL','HUH','HUH-E13','Left'),(277,'1','EAL','HUH','HUH-E14','Left'),(278,'1','EAL','HUH','HUH-E15','Left'),(279,'1','EAL','HUH','HUH-E16','Left'),(280,'1','EAL','HUH','HUH-E17','Left'),(281,'1','EAL','HUH','HUH-E18','Left'),(282,'1','EAL','HUH','HUH-E19','Left'),(283,'1','EAL','HUH','HUH-E2','Left'),(284,'1','EAL','HUH','HUH-E20','Left'),(285,'1','EAL','HUH','HUH-E21','Left'),(286,'1','EAL','HUH','HUH-E22','Left'),(287,'1','EAL','HUH','HUH-E27','Left'),(288,'1','EAL','HUH','HUH-E28','Left'),(289,'1','EAL','HUH','HUH-E29','Left'),(290,'1','EAL','HUH','HUH-E3','Left'),(291,'1','EAL','HUH','HUH-E30','Left'),(292,'1','EAL','HUH','HUH-E4','Left'),(293,'1','EAL','HUH','HUH-E5','Left'),(294,'1','EAL','HUH','HUH-E6','Left'),(295,'1','EAL','HUH','HUH-E7','Left'),(296,'1','EAL','HUH','HUH-E8','Left'),(297,'1','EAL','HUH','HUH-E9','Left'),(298,'1','TWL','JOR','JOR-CE1','Left'),(299,'1','TWL','JOR','JOR-DE1','Left'),(300,'1','TWL','JOR','JOR-DE2','Left'),(301,'1','TWL','JOR','JOR-E1','Left'),(302,'1','TWL','JOR','JOR-E2','Left'),(303,'1','TWL','JOR','JOR-E3','Left'),(304,'1','TWL','JOR','JOR-E4','Left'),(305,'1','TWL','JOR','JOR-E5','Left'),(306,'1','KTL','KOB','KOB-AE1','Left'),(307,'1','KTL','KOB','KOB-AE2','Left'),(308,'1','KTL','KOB','KOB-BE1','Left'),(309,'1','KTL','KOB','KOB-BE2','Left'),(310,'1','KTL','KOB','KOB-CE1','Left'),(311,'1','KTL','KOB','KOB-CE2','Left'),(312,'1','KTL','KOB','KOB-E1','Left'),(313,'1','KTL','KOB','KOB-E2','Left'),(314,'1','KTL','KOB','KOB-E3','Left'),(315,'1','KTL','KOB','KOB-E4','Left'),(316,'1','KTL','KOB','KOB-E5','Left'),(317,'1','KTL','KOT','KOT-AE1','Left'),(318,'1','KTL','KOT','KOT-CE1','Left'),(319,'1','KTL','KOT','KOT-E1','Left'),(320,'1','KTL','KOT','KOT-E2','Left'),(321,'1','KTL','KOT','KOT-E3','Left'),(322,'1','KTL','KOT','KOT-E4','Left'),(323,'1','KTL','KOT','KOT-E5','Left'),(324,'1','KTL','KOT','KOT-E6','Left'),(325,'1','KTL','KOT','KOT-E7','Left'),(326,'1','KTL','KOT','KOT-EE1','Left'),(327,'1','KTL','KOT','KOT-ZE1','Left'),(328,'1','KTL','KOT','KOT-ZE10','Left'),(329,'1','KTL','KOT','KOT-ZE11','Left'),(330,'1','KTL','KOT','KOT-ZE12','Left'),(331,'1','KTL','KOT','KOT-ZE13','Left'),(332,'1','KTL','KOT','KOT-ZE14','Left'),(333,'1','KTL','KOT','KOT-ZE15','Left'),(334,'1','KTL','KOT','KOT-ZE16','Left'),(335,'1','KTL','KOT','KOT-ZE2','Left'),(336,'1','KTL','KOT','KOT-ZE3','Left'),(337,'1','KTL','KOT','KOT-ZE4','Left'),(338,'1','KTL','KOT','KOT-ZE5','Left'),(339,'1','KTL','KOT','KOT-ZE6','Left'),(340,'1','KTL','KOT','KOT-ZE7','Left'),(341,'1','KTL','KOT','KOT-ZE8','Left'),(342,'1','KTL','KOT','KOT-ZE9','Left'),(343,'1','TCL','KOW','KOW-E1','Left'),(344,'1','TCL','KOW','KOW-E10','Left'),(345,'1','TCL','KOW','KOW-E11','Left'),(346,'1','TCL','KOW','KOW-E12','Left'),(347,'1','TCL','KOW','KOW-E14','Left'),(348,'1','TCL','KOW','KOW-E15','Left'),(349,'1','TCL','KOW','KOW-E16','Left'),(350,'1','TCL','KOW','KOW-E17','Left'),(351,'1','TCL','KOW','KOW-E18','Left'),(352,'1','TCL','KOW','KOW-E19','Left'),(353,'1','TCL','KOW','KOW-E2','Left'),(354,'1','TCL','KOW','KOW-E20','Left'),(355,'1','TCL','KOW','KOW-E21','Left'),(356,'1','TCL','KOW','KOW-E3','Left'),(357,'1','TCL','KOW','KOW-E4','Left'),(358,'1','TCL','KOW','KOW-E6','Left'),(359,'1','TCL','KOW','KOW-E7','Left'),(360,'1','TCL','KOW','KOW-E8','Left'),(361,'1','TCL','KOW','KOW-E9','Left'),(362,'1','TML','KSR','KSR-E1','Left'),(363,'1','TML','KSR','KSR-E2','Left'),(364,'1','TML','KSR','KSR-E3','Left'),(365,'1','TML','KSR','KSR-E4','Left'),(366,'1','TWL','KWF','KWF-E1','Left'),(367,'1','TWL','KWF','KWF-E10','Left'),(368,'1','TWL','KWF','KWF-E2','Left'),(369,'1','TWL','KWF','KWF-E3','Left'),(370,'1','TWL','KWF','KWF-E4','Left'),(371,'1','TWL','KWF','KWF-E5','Left'),(372,'1','TWL','KWF','KWF-E7','Left'),(373,'1','TWL','KWF','KWF-E8','Left'),(374,'1','TWL','KWF','KWF-E9','Left'),(375,'1','TWL','KWH','KWH-E1','Left'),(376,'1','TWL','KWH','KWH-E2','Left'),(377,'1','TWL','KWH','KWH-E3','Left'),(378,'1','TWL','KWH','KWH-E4','Left'),(379,'1','KTL','KWT','KWT-E1','Left'),(380,'1','KTL','KWT','KWT-E2','Left'),(381,'1','KTL','DIH','DIH-E10','Left'),(382,'1','KTL','KWT','KWT-E3','Left'),(383,'1','KTL','KWT','KWT-E4','Left'),(384,'1','KTL','KWT','KWT-E5','Left'),(385,'1','KTL','KWT','KWT-E6','Left'),(386,'1','TWL','LAK','LAK-AE1','Left'),(387,'1','TWL','LAK','LAK-AE2','Left'),(388,'1','TWL','LAK','LAK-AE3','Left'),(389,'1','TWL','LAK','LAK-AE4','Left'),(390,'1','TWL','LAK','LAK-AE5','Left'),(391,'1','TWL','LAK','LAK-AE6','Left'),(392,'1','TWL','LAK','LAK-E1','Left'),(393,'1','TWL','LAK','LAK-E10','Left'),(394,'1','TWL','LAK','LAK-E11','Left'),(395,'1','ISL','ADM','ADM-E14','Left'),(396,'1','TWL','LAK','LAK-E2','Left'),(397,'1','TWL','LAK','LAK-E3','Left'),(398,'1','TWL','LAK','LAK-E4','Left'),(399,'1','TWL','LAK','LAK-E5','Left'),(400,'1','TWL','LAK','LAK-E6','Left'),(401,'1','TWL','LAK','LAK-E7','Left'),(402,'1','TWL','LAK','LAK-E8','Left'),(403,'1','TWL','LAK','LAK-E9','Left'),(404,'1','KTL','LAT','LAT-AE1','Left'),(405,'1','KTL','LAT','LAT-AE2','Left'),(406,'1','KTL','LAT','LAT-AE3','Left'),(407,'1','KTL','LAT','LAT-AE4','Left'),(408,'1','KTL','LAT','LAT-AE5','Left'),(409,'1','KTL','LAT','LAT-AE6','Left'),(410,'1','KTL','LAT','LAT-AE7','Left'),(411,'1','KTL','LAT','LAT-AE8','Left'),(412,'1','KTL','DIH','DIH-E11','Left'),(413,'1','KTL','DIH','DIH-E12','Left'),(414,'1','KTL','DIH','DIH-E13','Left'),(415,'1','KTL','LAT','LAT-AE9','Left'),(416,'1','KTL','LAT','LAT-BE1','Left'),(417,'1','KTL','LAT','LAT-DE1','Left'),(418,'1','KTL','DIH','DIH-E14','Left'),(419,'1','KTL','DIH','DIH-E15','Left'),(420,'1','KTL','DIH','DIH-E16','Left'),(421,'1','KTL','DIH','DIH-E17','Left'),(422,'1','KTL','LAT','LAT-DE2','Left'),(423,'1','KTL','LAT','LAT-E1','Left'),(424,'1','KTL','LAT','LAT-E2','Left'),(425,'1','KTL','LAT','LAT-E3','Left'),(426,'1','KTL','LAT','LAT-E4','Left'),(427,'1','KTL','LAT','LAT-E5','Left'),(428,'1','TWL','LCK','LCK-AE1','Left'),(429,'1','TWL','LCK','LCK-BE1','Left'),(430,'1','TWL','LCK','LCK-BE2','Left'),(431,'1','TWL','LCK','LCK-DE1','Left'),(432,'1','TWL','LCK','LCK-DE2','Left'),(433,'1','TWL','LCK','LCK-DE3','Left'),(434,'1','TWL','LCK','LCK-E1','Left'),(435,'1','TWL','LCK','LCK-E2','Left'),(436,'1','TWL','LCK','LCK-E3','Left'),(437,'1','TWL','LCK','LCK-E4','Left'),(438,'1','TKL','LHP','LHP-E1','Left'),(439,'1','TKL','LHP','LHP-E2','Left'),(440,'1','TKL','LHP','LHP-E3','Left'),(441,'1','TKL','LHP','LHP-E4','Left'),(442,'1','EAL','LMC','LMC-E1','Left'),(443,'1','EAL','LMC','LMC-E10','Left'),(444,'1','EAL','LMC','LMC-E11','Left'),(445,'1','EAL','LMC','LMC-E12','Left'),(446,'1','EAL','LMC','LMC-E13','Left'),(447,'1','EAL','LMC','LMC-E14','Left'),(448,'1','EAL','LMC','LMC-E15','Left'),(449,'1','EAL','LMC','LMC-E16','Left'),(450,'1','EAL','LMC','LMC-E2','Left'),(451,'1','EAL','LMC','LMC-E3','Left'),(452,'1','EAL','LMC','LMC-E4','Left'),(453,'1','EAL','LMC','LMC-E5','Left'),(454,'1','EAL','LMC','LMC-E6','Left'),(455,'1','EAL','LMC','LMC-E7','Left'),(456,'1','EAL','LMC','LMC-E8','Left'),(457,'1','EAL','LMC','LMC-E9','Left'),(458,'1','EAL','LMC','LMC-M1','Left'),(459,'1','EAL','LMC','LMC-M2','Left'),(460,'1','EAL','LMC','LMC-M3','Left'),(461,'1','EAL','LMC','LMC-M4','Left'),(462,'1','KTL','LOF','LOF-E1','Left'),(463,'1','KTL','LOF','LOF-E2','Left'),(464,'1','KTL','LOF','LOF-E3','Left'),(465,'1','TML','LOP','LOP-E1','Left'),(466,'1','TML','LOP','LOP-E2','Left'),(467,'1','TML','LOP','LOP-E3','Left'),(468,'1','TML','LOP','LOP-E4','Left'),(469,'1','TML','LOP','LOP-E5','Left'),(470,'1','TML','LOP','LOP-E6','Left'),(471,'1','ISL','ADM','ADM-E15','Left'),(472,'1','TML','LOP','LOP-E7','Left'),(473,'1','TML','LOP','LOP-E8','Left'),(474,'1','EAL','LOW','LOW-E10','Left'),(475,'1','EAL','LOW','LOW-E11','Left'),(476,'1','EAL','LOW','LOW-E12','Left'),(477,'1','EAL','LOW','LOW-E13','Left'),(478,'1','EAL','LOW','LOW-E14','Left'),(479,'1','EAL','LOW','LOW-E3','Left'),(480,'1','EAL','LOW','LOW-E4','Left'),(481,'1','EAL','LOW','LOW-E7','Left'),(482,'1','EAL','LOW','LOW-E8','Left'),(483,'1','EAL','LOW','LOW-E9','Left'),(484,'1','EAL','LOW','LOW-M1','Left'),(485,'1','EAL','LOW','LOW-M2','Left'),(486,'1','EAL','LOW','LOW-M3','Left'),(487,'1','TWL','MEF','MEF-BE1','Left'),(488,'1','TWL','MEF','MEF-CE1','Left'),(489,'1','TWL','MEF','MEF-CE2','Left'),(490,'1','TWL','MEF','MEF-DE2','Left'),(491,'1','TWL','MEF','MEF-DE3','Left'),(492,'1','TWL','MEF','MEF-DE4','Left'),(493,'1','TWL','MEF','MEF-DE5','Left'),(494,'1','TWL','MEF','MEF-DE6','Left'),(495,'1','TWL','MEF','MEF-DE7','Left'),(496,'1','TWL','MEF','MEF-DE8','Left'),(497,'1','TWL','MEF','MEF-DE9','Left'),(498,'1','TWL','MEF','MEF-E1','Left'),(499,'1','TWL','MEF','MEF-E2','Left'),(500,'1','TWL','MEF','MEF-E3','Left'),(501,'1','TWL','MEF','MEF-E4','Left'),(502,'1','TWL','MEF','MEF-E5','Left'),(503,'1','ISL','ADM','ADM-E16','Left'),(504,'1','ISL','ADM','ADM-E17','Left'),(505,'1','TWL','MEF','MEF-E6','Left'),(506,'1','TWL','MEF','MEF-E7','Left'),(507,'1','TWL','MEF','MEF-ZE1','Left'),(508,'1','TWL','MEF','MEF-ZE10','Left'),(509,'1','TWL','MEF','MEF-ZE11','Left'),(510,'1','TWL','MEF','MEF-ZE12','Left'),(511,'1','KTL','DIH','DIH-E18','Left'),(512,'1','KTL','DIH','DIH-E3','Left'),(513,'1','KTL','DIH','DIH-E6','Left'),(514,'1','KTL','DIH','DIH-E7','Left'),(515,'1','KTL','DIH','DIH-E8','Left'),(516,'1','KTL','DIH','DIH-E9','Left'),(517,'1','TML','HIK','HIK-E1','Left'),(518,'1','TML','HIK','HIK-E2','Left'),(519,'1','TML','HIK','HIK-E3','Left'),(520,'1','TML','HIK','HIK-E4','Left'),(521,'1','EAL','HUH','HUH-E31','Left'),(522,'1','EAL','HUH','HUH-E32','Left'),(523,'1','EAL','HUH','HUH-E33','Left'),(524,'1','EAL','HUH','HUH-E34','Left'),(525,'1','EAL','HUH','HUH-E35','Left'),(526,'1','EAL','HUH','HUH-E36','Left'),(527,'1','TWL','MEF','MEF-ZE13','Left'),(528,'1','TWL','MEF','MEF-ZE14','Left'),(529,'1','TWL','MEF','MEF-ZE15','Left'),(530,'1','TWL','MEF','MEF-ZE16','Left'),(531,'1','TWL','MEF','MEF-ZE17','Left'),(532,'1','TWL','MEF','MEF-ZE2','Left'),(533,'1','TWL','MEF','MEF-ZE3','Left'),(534,'1','TWL','MEF','MEF-ZE4','Left'),(535,'1','TWL','MEF','MEF-ZE5','Left'),(536,'1','TWL','MEF','MEF-ZE6','Left'),(537,'1','TWL','MEF','MEF-ZE7','Left'),(538,'1','TWL','MEF','MEF-ZE8','Left'),(539,'1','TWL','MEF','MEF-ZE9','Left'),(540,'1','EAL','MKK','MKK-E1','Left'),(541,'1','EAL','MKK','MKK-E2','Left'),(542,'1','EAL','MKK','MKK-E3','Left'),(543,'1','TML','CIO','CIO-E1','Left'),(544,'1','EAL','MKK','MKK-E4','Left'),(545,'1','EAL','MKK','MKK-E5','Left'),(546,'1','EAL','MKK','MKK-E6','Left'),(547,'1','EAL','MKK','MKK-E7','Left'),(548,'1','EAL','MKK','MKK-E8','Left'),(549,'1','TWL','MOK','MOK-AE1','Left'),(550,'1','TWL','MOK','MOK-BE1','Left'),(551,'1','TWL','MOK','MOK-BE2','Left'),(552,'1','TWL','MOK','MOK-CE1','Left'),(553,'1','TWL','MOK','MOK-CE2','Left'),(554,'1','TML','CIO','CIO-E2','Left'),(555,'1','TWL','MOK','MOK-CE3','Left'),(556,'1','TWL','MOK','MOK-DE1','Left'),(557,'1','TWL','MOK','MOK-E1','Left'),(558,'1','ISL','ADM','ADM-E23','Left'),(559,'1','TWL','MOK','MOK-E2','Left'),(560,'1','TWL','MOK','MOK-E3','Left'),(561,'1','TWL','MOK','MOK-E4','Left'),(562,'1','TWL','MOK','MOK-E5','Left'),(563,'1','TWL','MOK','MOK-E6','Left'),(564,'1','TWL','MOK','MOK-E7','Left'),(565,'1','TWL','MOK','MOK-E8','Left'),(566,'1','TWL','MOK','MOK-EE1','Left'),(567,'1','TWL','MOK','MOK-EE2','Left'),(568,'1','TML','NAC','NAC-E1','Left'),(569,'1','TML','NAC','NAC-E10','Left'),(570,'1','TML','NAC','NAC-E11','Left'),(571,'1','TML','NAC','NAC-E12','Left'),(572,'1','TML','NAC','NAC-E13','Left'),(573,'1','TML','NAC','NAC-E14','Left'),(574,'1','TML','NAC','NAC-E15','Left'),(575,'1','TML','NAC','NAC-E16','Left'),(576,'1','TML','NAC','NAC-E17','Left'),(577,'1','TML','NAC','NAC-E18','Left'),(578,'1','TML','NAC','NAC-E19','Left'),(579,'1','TML','NAC','NAC-E2','Left'),(580,'1','TML','NAC','NAC-E20','Left'),(581,'1','TML','NAC','NAC-E21','Left'),(582,'1','TML','NAC','NAC-E22','Left'),(583,'1','TML','NAC','NAC-E23','Left'),(584,'1','TML','NAC','NAC-E24','Left'),(585,'1','TML','NAC','NAC-E25','Left'),(586,'1','TML','NAC','NAC-E26','Left'),(587,'1','TML','NAC','NAC-E27','Left'),(588,'1','TML','NAC','NAC-E28','Left'),(589,'1','TML','NAC','NAC-E29','Left'),(590,'1','TML','NAC','NAC-E3','Left'),(591,'1','TML','NAC','NAC-E30','Left'),(592,'1','TML','NAC','NAC-E31','Left'),(593,'1','TML','CKT','CKT-E1','Left'),(594,'1','TML','CKT','CKT-E2','Left'),(595,'1','TML','NAC','NAC-E32','Left'),(596,'1','TML','NAC','NAC-E33','Left'),(597,'1','TML','NAC','NAC-E34','Left'),(598,'1','TML','NAC','NAC-E35','Left'),(599,'1','TML','NAC','NAC-E36','Left'),(600,'1','TML','NAC','NAC-E37','Left'),(601,'1','TML','NAC','NAC-E38','Left'),(602,'1','TML','NAC','NAC-E39','Left'),(603,'1','TML','NAC','NAC-E4','Left'),(604,'1','TML','NAC','NAC-E40','Left'),(605,'1','TML','NAC','NAC-E41','Left'),(606,'1','TML','NAC','NAC-E42','Left'),(607,'1','TML','NAC','NAC-E43','Left'),(608,'1','TML','NAC','NAC-E44','Left'),(609,'1','TML','NAC','NAC-E45','Left'),(610,'1','TML','NAC','NAC-E46','Left'),(611,'1','TML','NAC','NAC-E5','Left'),(612,'1','TML','NAC','NAC-E6','Left'),(613,'1','TML','NAC','NAC-E7','Left'),(614,'1','TML','NAC','NAC-E8','Left'),(615,'1','TML','NAC','NAC-E9','Left'),(616,'1','ISL','NOP','NOP-AE1','Left'),(617,'1','ISL','NOP','NOP-AE2','Left'),(618,'1','ISL','NOP','NOP-BE1','Left'),(619,'1','ISL','NOP','NOP-BE2','Left'),(620,'1','ISL','NOP','NOP-BE3','Left'),(621,'1','ISL','NOP','NOP-BE4','Left'),(622,'1','ISL','NOP','NOP-BE5','Left'),(623,'1','ISL','NOP','NOP-BE6','Left'),(624,'1','ISL','NOP','NOP-E1','Left'),(625,'1','ISL','NOP','NOP-E10','Left'),(626,'1','ISL','NOP','NOP-E2','Left'),(627,'1','ISL','NOP','NOP-E3','Left'),(628,'1','ISL','NOP','NOP-E4','Left'),(629,'1','ISL','NOP','NOP-E5','Left'),(630,'1','ISL','NOP','NOP-E6','Left'),(631,'1','ISL','NOP','NOP-E7','Left'),(632,'1','ISL','NOP','NOP-E8','Left'),(633,'1','ISL','NOP','NOP-E9','Left'),(634,'1','KTL','NTK','NTK-E1','Left'),(635,'1','KTL','NTK','NTK-E2','Left'),(636,'1','KTL','NTK','NTK-E3','Left'),(637,'1','TCL','OLY','OLY-CE1','Left'),(638,'1','TCL','OLY','OLY-CE2','Left'),(639,'1','TCL','OLY','OLY-E1','Left'),(640,'1','TCL','OLY','OLY-E2','Left'),(641,'1','TCL','OLY','OLY-E3','Left'),(642,'1','TCL','OLY','OLY-E4','Left'),(643,'1','TWL','PRE','PRE-AE1','Left'),(644,'1','EAL','HUH','HUH-E37','Left'),(645,'1','EAL','HUH','HUH-E38','Left'),(646,'1','ISL','ADM','ADM-E24','Left'),(647,'1','ISL','ADM','ADM-E25','Left'),(648,'1','ISL','ADM','ADM-E37','Left'),(649,'1','TWL','PRE','PRE-BE1','Left'),(650,'1','TWL','PRE','PRE-BE2','Left'),(651,'1','TWL','PRE','PRE-CE1','Left'),(652,'1','TWL','PRE','PRE-DE1','Left'),(653,'1','TWL','PRE','PRE-E1','Left'),(654,'1','TWL','PRE','PRE-E2','Left'),(655,'1','ISL','ADM','ADM-E38','Left'),(656,'1','ISL','ADM','ADM-E39','Left'),(657,'1','ISL','ADM','ADM-E40','Left'),(658,'1','TWL','PRE','PRE-E3','Left'),(659,'1','TWL','PRE','PRE-E4','Left'),(660,'1','TML','AUS','AUS-E16','Left'),(661,'1','TML','AUS','AUS-E17','Left'),(662,'1','TML','CKT','CKT-E3','Left'),(663,'1','TML','CKT','CKT-E4','Left'),(664,'1','TML','ETS','ETS-M1A','Left'),(665,'1','TML','ETS','ETS-M1B','Left'),(666,'1','TML','ETS','ETS-M1C','Left'),(667,'1','TML','ETS','ETS-M1D','Left'),(668,'1','ISL','HKU','HKU-ESC-01','Left'),(669,'1','ISL','HKU','HKU-ESC-02','Left'),(670,'1','TWL','PRE','PRE-E5','Left'),(671,'1','TWL','PRE','PRE-E6','Left'),(672,'1','TWL','PRE','PRE-E7','Left'),(673,'1','TWL','PRE','PRE-E8','Left'),(674,'1','TWL','PRE','PRE-EE1','Left'),(675,'1','EAL','HUH','HUH-E39','Left'),(676,'1','EAL','HUH','HUH-E40','Left'),(677,'1','EAL','HUH','HUH-E41','Left'),(678,'1','EAL','HUH','HUH-E42','Left'),(679,'1','EAL','HUH','HUH-E43','Left'),(680,'1','EAL','HUH','HUH-E44','Left'),(681,'1','ISL','QUB','QUB-BE1','Left'),(682,'1','TML','ETS','ETS-M2A','Left'),(683,'1','ISL','QUB','QUB-BE2','Left'),(684,'1','ISL','QUB','QUB-BE3','Left'),(685,'1','ISL','QUB','QUB-BE4','Left'),(686,'1','ISL','QUB','QUB-BE5','Left'),(687,'1','ISL','QUB','QUB-BE6','Left'),(688,'1','ISL','QUB','QUB-E1','Left'),(689,'1','ISL','QUB','QUB-E10','Left'),(690,'1','ISL','QUB','QUB-E11','Left'),(691,'1','ISL','QUB','QUB-E12','Left'),(692,'1','ISL','QUB','QUB-E13','Left'),(693,'1','ISL','QUB','QUB-E14','Left'),(694,'1','ISL','QUB','QUB-E15','Left'),(695,'1','ISL','QUB','QUB-E16','Left'),(696,'1','ISL','QUB','QUB-E17','Left'),(697,'1','ISL','QUB','QUB-E18','Left'),(698,'1','ISL','QUB','QUB-E19','Left'),(699,'1','ISL','QUB','QUB-E2','Left'),(700,'1','ISL','QUB','QUB-E20','Left'),(701,'1','ISL','QUB','QUB-E21','Left'),(702,'1','ISL','QUB','QUB-E22','Left'),(703,'1','ISL','QUB','QUB-E23','Left'),(704,'1','ISL','QUB','QUB-E24','Left'),(705,'1','ISL','QUB','QUB-E25','Left'),(706,'1','ISL','QUB','QUB-E26','Left'),(707,'1','ISL','QUB','QUB-E3','Left'),(708,'1','TML','ETS','ETS-M2B','Left'),(709,'1','TML','ETS','ETS-M3A','Left'),(710,'1','TML','ETS','ETS-M3B','Left'),(711,'1','TML','ETS','ETS-M3C','Left'),(712,'1','ISL','QUB','QUB-E4','Left'),(713,'1','ISL','QUB','QUB-E5','Left'),(714,'1','ISL','QUB','QUB-E6','Left'),(715,'1','ISL','QUB','QUB-E7','Left'),(716,'1','TML','ETS','ETS-ZE1','Left'),(717,'1','ISL','QUB','QUB-E8','Left'),(718,'1','ISL','QUB','QUB-E9','Left'),(719,'1','EAL','SHS','SHS-E1','Left'),(720,'1','EAL','SHS','SHS-E10','Left'),(721,'1','EAL','SHS','SHS-E11','Left'),(722,'1','EAL','SHS','SHS-E12','Left'),(723,'1','EAL','SHS','SHS-E2','Left'),(724,'1','EAL','SHS','SHS-E3','Left'),(725,'1','EAL','SHS','SHS-E4','Left'),(726,'1','EAL','SHS','SHS-E5','Left'),(727,'1','EAL','SHS','SHS-E6','Left'),(728,'1','EAL','SHS','SHS-E7','Left'),(729,'1','EAL','SHS','SHS-E8','Left'),(730,'1','EAL','SHS','SHS-E9','Left'),(731,'1','EAL','SHT','SHT-E1','Left'),(732,'1','EAL','SHT','SHT-E2','Left'),(733,'1','EAL','SHT','SHT-E3','Left'),(734,'1','EAL','SHT','SHT-E4','Left'),(735,'1','EAL','SHT','SHT-E5','Left'),(736,'1','EAL','SHT','SHT-E6','Left'),(737,'1','EAL','SHT','SHT-E7','Left'),(738,'1','EAL','SHT','SHT-E8','Left'),(739,'1','ISL','SHW','SHW-AE1','Left'),(740,'1','ISL','SHW','SHW-BE1','Left'),(741,'1','ISL','SHW','SHW-E1','Left'),(742,'1','ISL','SHW','SHW-E10','Left'),(743,'1','ISL','SHW','SHW-E11','Left'),(744,'1','ISL','SHW','SHW-E12','Left'),(745,'1','ISL','SHW','SHW-E13','Left'),(746,'1','ISL','SHW','SHW-E14','Left'),(747,'1','ISL','SHW','SHW-E15','Left'),(748,'1','ISL','SHW','SHW-E16','Left'),(749,'1','ISL','SHW','SHW-E17','Left'),(750,'1','ISL','SHW','SHW-E2','Left'),(751,'1','ISL','SHW','SHW-E3','Left'),(752,'1','ISL','SHW','SHW-E4','Left'),(753,'1','ISL','SHW','SHW-E5','Left'),(754,'1','ISL','SHW','SHW-E6','Left'),(755,'1','ISL','SHW','SHW-E7','Left'),(756,'1','ISL','SHW','SHW-E8','Left'),(757,'1','ISL','SHW','SHW-E9','Left'),(758,'1','ISL','SHW','SHW-EE1','Left'),(759,'1','ISL','SHW','SHW-EE2','Left'),(760,'1','ISL','SHW','SHW-EE3','Left'),(761,'1','ISL','SHW','SHW-EE4','Left'),(762,'1','TML','SIH','SIH-E1','Left'),(763,'1','TML','SIH','SIH-E10','Left'),(764,'1','TML','SIH','SIH-E11','Left'),(765,'1','TML','SIH','SIH-E2','Left'),(766,'1','TML','SIH','SIH-E3','Left'),(767,'1','TML','SIH','SIH-E4','Left'),(768,'1','TML','SIH','SIH-E5','Left'),(769,'1','TML','SIH','SIH-E6','Left'),(770,'1','TML','SIH','SIH-E7','Left'),(771,'1','TML','SIH','SIH-E8','Left'),(772,'1','TML','SIH','SIH-E9','Left'),(773,'1','KTL','SKM','SKM-AE1','Left'),(774,'1','KTL','SKM','SKM-BE1','Left'),(775,'1','KTL','SKM','SKM-CE1','Left'),(776,'1','KTL','SKM','SKM-CE2','Left'),(777,'1','KTL','SKM','SKM-E1','Left'),(778,'1','KTL','SKM','SKM-E2','Left'),(779,'1','KTL','SKM','SKM-E3','Left'),(780,'1','KTL','SKM','SKM-E4','Left'),(781,'1','ISL','SKW','SKW-AE1','Left'),(782,'1','ISL','SKW','SKW-AE2','Left'),(783,'1','ISL','SKW','SKW-AE3','Left'),(784,'1','ISL','SKW','SKW-AE4','Left'),(785,'1','ISL','SKW','SKW-BE1','Left'),(786,'1','ISL','SKW','SKW-CE1','Left'),(787,'1','ISL','SKW','SKW-DE1','Left'),(788,'1','ISL','SKW','SKW-E1','Left'),(789,'1','ISL','SKW','SKW-E2','Left'),(790,'1','ISL','SKW','SKW-E3','Left'),(791,'1','ISL','SKW','SKW-E4','Left'),(792,'1','ISL','SKW','SKW-E5','Left'),(793,'1','TWL','SSP','SSP-AE1','Left'),(794,'1','TWL','SSP','SSP-BE1','Left'),(795,'1','TWL','SSP','SSP-CE1','Left'),(796,'1','TWL','SSP','SSP-DE1','Left'),(797,'1','TWL','SSP','SSP-E1','Left'),(798,'1','TWL','SSP','SSP-E2','Left'),(799,'1','TWL','SSP','SSP-E3','Left'),(800,'1','TWL','SSP','SSP-E4','Left'),(801,'1','TWL','SSP','SSP-E5','Left'),(802,'1','DRL','SUN','SUN-E1','Left'),(803,'1','DRL','SUN','SUN-E3','Left'),(804,'1','DRL','SUN','SUN-E5','Left'),(805,'1','DRL','SUN','SUN-E8','Left'),(806,'1','ISL','SWH','SWH-AE1','Left'),(807,'1','ISL','SWH','SWH-AE2','Left'),(808,'1','ISL','SWH','SWH-BE1','Left'),(809,'1','ISL','SWH','SWH-BE2','Left'),(810,'1','ISL','SWH','SWH-E1','Left'),(811,'1','ISL','SWH','SWH-E2','Left'),(812,'1','ISL','SWH','SWH-E3','Left'),(813,'1','ISL','SWH','SWH-E4','Left'),(814,'1','ISL','SWH','SWH-E5','Left'),(815,'1','ISL','SWH','SWH-E6','Left'),(816,'1','ISL','TAK','TAK-AE1','Left'),(817,'1','ISL','TAK','TAK-AE2','Left'),(818,'1','ISL','TAK','TAK-AE3','Left'),(819,'1','ISL','TAK','TAK-AE4','Left'),(820,'1','ISL','TAK','TAK-BE1','Left'),(821,'1','ISL','TAK','TAK-BE2','Left'),(822,'1','ISL','TAK','TAK-BE3','Left'),(823,'1','ISL','TAK','TAK-BE4','Left'),(824,'1','ISL','TAK','TAK-CE1','Left'),(825,'1','ISL','TAK','TAK-CE2','Left'),(826,'1','ISL','TAK','TAK-CE3','Left'),(827,'1','ISL','TAK','TAK-CE4','Left'),(828,'1','ISL','TAK','TAK-DE1','Left'),(829,'1','ISL','TAK','TAK-DE2','Left'),(830,'1','ISL','TAK','TAK-DE3','Left'),(831,'1','ISL','TAK','TAK-E1','Left'),(832,'1','ISL','TAK','TAK-E2','Left'),(833,'1','ISL','TAK','TAK-E3','Left'),(834,'1','ISL','TAK','TAK-E4','Left'),(835,'1','ISL','TAK','TAK-E5','Left'),(836,'1','ISL','TAK','TAK-E6','Left'),(837,'1','ISL','TAK','TAK-EE1','Left'),(838,'1','ISL','TAK','TAK-EE2','Left'),(839,'1','ISL','TAK','TAK-EE3','Left'),(840,'1','ISL','TAK','TAK-EE4','Left'),(841,'1','EAL','TAP','TAP-E1','Left'),(842,'1','EAL','TAP','TAP-E2','Left'),(843,'1','EAL','TAP','TAP-E3','Left'),(844,'1','EAL','TAP','TAP-E4','Left'),(845,'1','EAL','TAP','TAP-E5','Left'),(846,'1','EAL','TAP','TAP-E6','Left'),(847,'1','EAL','TAP','TAP-E7','Left'),(848,'1','EAL','TAP','TAP-E8','Left'),(849,'1','TML','TAW','TAW-E16','Left'),(850,'1','TML','TAW','TAW-E4','Left'),(851,'1','TML','TAW','TAW-E5','Left'),(852,'1','TML','TAW','TAW-E6','Left'),(853,'1','TML','TAW','TAW-E7','Left'),(854,'1','ISL','TIH','TIH-AE1','Left'),(855,'1','ISL','TIH','TIH-AE2','Left'),(856,'1','ISL','TIH','TIH-AE3','Left'),(857,'1','ISL','TIH','TIH-AE4','Left'),(858,'1','ISL','TIH','TIH-AE5','Left'),(859,'1','ISL','TIH','TIH-E1','Left'),(860,'1','ISL','TIH','TIH-E2','Left'),(861,'1','ISL','TIH','TIH-E3','Left'),(862,'1','ISL','TIH','TIH-E4','Left'),(863,'1','ISL','TIH','TIH-E5','Left'),(864,'1','ISL','TIH','TIH-E6','Left'),(865,'1','ISL','TIH','TIH-E7','Left'),(866,'1','ISL','TIH','TIH-E8','Left'),(867,'1','TML','TIS','TIS-E1','Left'),(868,'1','TML','TIS','TIS-E10','Left'),(869,'1','TML','TIS','TIS-E11','Left'),(870,'1','TML','TIS','TIS-E13','Left'),(871,'1','TML','ETS','ETS-ZE10','Left'),(872,'1','TML','ETS','ETS-ZE11','Left'),(873,'1','TML','ETS','ETS-ZE13','Left'),(874,'1','TML','ETS','ETS-ZE2','Left'),(875,'1','TML','ETS','ETS-ZE21','Left'),(876,'1','TML','ETS','ETS-ZE23','Left'),(877,'1','TML','ETS','ETS-ZE3','Left'),(878,'1','TML','ETS','ETS-ZE4','Left'),(879,'1','TML','ETS','ETS-ZE5','Left'),(880,'1','TML','ETS','ETS-ZE6','Left'),(881,'1','TML','ETS','ETS-ZE7','Left'),(882,'1','TML','ETS','ETS-ZE8','Left'),(883,'1','TML','ETS','ETS-ZE9','Left'),(884,'1','TKL','HAH','HAH-E1','Left'),(885,'1','TKL','HAH','HAH-E2','Left'),(886,'1','TKL','HAH','HAH-E3','Left'),(887,'1','TKL','HAH','HAH-E4','Left'),(888,'1','TKL','HAH','HAH-E5','Left'),(889,'1','TKL','HAH','HAH-E6','Left'),(890,'1','TKL','HAH','HAH-E7','Left'),(891,'1','TKL','HAH','HAH-E8','Left'),(892,'1','TML','HEO','HEO-E1','Left'),(893,'1','TML','HEO','HEO-E2','Left'),(894,'1','TML','HEO','HEO-E3','Left'),(895,'1','TML','HEO','HEO-E4','Left'),(896,'1','EAL','HUH','HUH-E45','Left'),(897,'1','EAL','HUH','HUH-E46','Left'),(898,'1','EAL','HUH','HUH-E47','Left'),(899,'1','EAL','HUH','HUH-E48','Left'),(900,'1','ISL','HKU','HKU-ESC-03','Left'),(901,'1','ISL','HKU','HKU-ESC-04','Left'),(902,'1','EAL','HUH','HUH-E50','Left'),(903,'1','TML','TIS','TIS-E14','Left'),(904,'1','ISL','HKU','HKU-ESC-05','Left'),(905,'1','TML','TIS','TIS-E2','Left'),(906,'1','ISL','HKU','HKU-ESC-06','Left'),(907,'1','ISL','HKU','HKU-ESC-07','Left'),(908,'1','ISL','HKU','HKU-ESC-10','Left'),(909,'1','ISL','HKU','HKU-ESC-11','Left'),(910,'1','ISL','HKU','HKU-ESC-12','Left'),(911,'1','TML','TIS','TIS-E3','Left'),(912,'1','TML','TIS','TIS-E4','Left'),(913,'1','ISL','HKU','HKU-ESC-13','Left'),(914,'1','TML','TIS','TIS-E5','Left'),(915,'1','ISL','HKU','HKU-ESC-14','Left'),(916,'1','ISL','HKU','HKU-ESC-15','Left'),(917,'1','ISL','HKU','HKU-MW-01','Left'),(918,'1','TML','TIS','TIS-E6','Left'),(919,'1','TML','TIS','TIS-E7','Left'),(920,'1','ISL','HKU','HKU-MW-02','Left'),(921,'1','KTL','HOM','HOM-ES03','Left'),(922,'1','KTL','HOM','HOM-ES04','Left'),(923,'1','KTL','HOM','HOM-ES05','Left'),(924,'1','TML','TIS','TIS-E8','Left'),(925,'1','TML','TIS','TIS-E9','Left'),(926,'1','TWL','TST','TST-AE1','Left'),(927,'1','TWL','TST','TST-AE2','Left'),(928,'1','TWL','TST','TST-AE3','Left'),(929,'1','TWL','TST','TST-AE4','Left'),(930,'1','TWL','TST','TST-AE5','Left'),(931,'1','TWL','TST','TST-BE1','Left'),(932,'1','TWL','TST','TST-BE2','Left'),(933,'1','TWL','TST','TST-CE1','Left'),(934,'1','TWL','TST','TST-E1','Left'),(935,'1','TWL','TST','TST-E2','Left'),(936,'1','TWL','TST','TST-E3','Left'),(937,'1','TWL','TST','TST-E4','Left'),(938,'1','TWL','TST','TST-E5','Left'),(939,'1','TWL','TST','TST-E6','Left'),(940,'1','KTL','HOM','HOM-ES06','Left'),(941,'1','KTL','HOM','HOM-ES07','Left'),(942,'1','TWL','TST','TST-E7','Left'),(943,'1','TWL','TST','TST-E8','Left'),(944,'1','TWL','TST','TST-E9','Left'),(945,'1','TWL','TSW','TSW-E1','Left'),(946,'1','TWL','TSW','TSW-E10','Left'),(947,'1','TWL','TSW','TSW-E2','Left'),(948,'1','TWL','TSW','TSW-E3','Left'),(949,'1','TWL','TSW','TSW-E4','Left'),(950,'1','TWL','TSW','TSW-E5','Left'),(951,'1','TWL','TSW','TSW-E6','Left'),(952,'1','TWL','TSW','TSW-E7','Left'),(953,'1','TWL','TSW','TSW-E8','Left'),(954,'1','TWL','TSW','TSW-E9','Left'),(955,'1','TCL','TSY','TSY-E1','Left'),(956,'1','TCL','TSY','TSY-E10','Left'),(957,'1','TCL','TSY','TSY-E11','Left'),(958,'1','TCL','TSY','TSY-E12','Left'),(959,'1','TCL','TSY','TSY-E13','Left'),(960,'1','TCL','TSY','TSY-E14','Left'),(961,'1','TCL','TSY','TSY-E2','Left'),(962,'1','TCL','TSY','TSY-E3','Left'),(963,'1','EAL','HUH','HUH-E51','Left'),(964,'1','EAL','HUH','HUH-E52','Left'),(965,'1','TCL','TSY','TSY-E4','Left'),(966,'1','TCL','TSY','TSY-E5','Left'),(967,'1','TCL','TSY','TSY-E6','Left'),(968,'1','TCL','TSY','TSY-E7','Left'),(969,'1','TCL','TSY','TSY-E8','Left'),(970,'1','TCL','TSY','TSY-E9','Left'),(971,'1','TCL','TUC','TUC-AE1','Left'),(972,'1','TCL','TUC','TUC-AE2','Left'),(973,'1','TCL','TUC','TUC-E1','Left'),(974,'1','TCL','TUC','TUC-E2','Left'),(975,'1','TCL','TUC','TUC-E3','Left'),(976,'1','TCL','TUC','TUC-E4','Left'),(977,'1','TCL','TUC','TUC-E5','Left'),(978,'1','TCL','TUC','TUC-E6','Left'),(979,'1','TCL','TUC','TUC-E7','Left'),(980,'1','TML','TUM','TUM-E1','Left'),(981,'1','TML','TUM','TUM-E10','Left'),(982,'1','TML','TUM','TUM-E11','Left'),(983,'1','TML','TUM','TUM-E12','Left'),(984,'1','TML','TUM','TUM-E13','Left'),(985,'1','TML','TUM','TUM-E14','Left'),(986,'1','TML','TUM','TUM-E2','Left'),(987,'1','TML','TUM','TUM-E3','Left'),(988,'1','TML','TUM','TUM-E4','Left'),(989,'1','TML','TUM','TUM-E5','Left'),(990,'1','TML','TUM','TUM-E6','Left'),(991,'1','TML','TUM','TUM-E7','Left'),(992,'1','TML','TUM','TUM-E8','Left'),(993,'1','TML','TUM','TUM-E9','Left'),(994,'1','TWL','TWH','TWH-E2','Left'),(995,'1','TWL','TWH','TWH-E3','Left'),(996,'1','EAL','TWO','TWO-E1','Left'),(997,'1','EAL','TWO','TWO-E2','Left'),(998,'1','EAL','TWO','TWO-E3','Left'),(999,'1','EAL','TWO','TWO-E4','Left'),(1000,'1','EAL','TWO','TWO-E5','Left'),(1001,'1','EAL','TWO','TWO-E6','Left'),(1002,'1','TML','TWW','TWW-E1','Left'),(1003,'1','TML','TWW','TWW-E10','Left'),(1004,'1','KTL','HOM','HOM-ES08','Left'),(1005,'1','KTL','HOM','HOM-ES09','Left'),(1006,'1','KTL','HOM','HOM-ES10','Left'),(1007,'1','KTL','HOM','HOM-ES12','Left'),(1008,'1','KTL','HOM','HOM-ES14','Left'),(1009,'1','KTL','HOM','HOM-ES15','Left'),(1010,'1','KTL','HOM','HOM-ES16','Left'),(1011,'1','KTL','HOM','HOM-ES17','Left'),(1012,'1','KTL','HOM','HOM-ES19','Left'),(1013,'1','KTL','HOM','HOM-ES20','Left'),(1014,'1','KTL','HOM','HOM-ES21','Left'),(1015,'1','KTL','HOM','HOM-ES22','Left'),(1016,'1','KTL','HOM','HOM-ES23','Left'),(1017,'1','KTL','HOM','HOM-ES24','Left'),(1018,'1','KTL','HOM','HOM-ES25','Left'),(1019,'1','EAL','HUH','HUH-E53','Left'),(1020,'1','TML','TWW','TWW-E11','Left'),(1021,'1','TML','TWW','TWW-E12','Left'),(1022,'1','TML','TWW','TWW-E13','Left'),(1023,'1','TML','TWW','TWW-E14','Left'),(1024,'1','TML','TWW','TWW-E15','Left'),(1025,'1','TML','TWW','TWW-E16','Left'),(1026,'1','TML','TWW','TWW-E17','Left'),(1027,'1','TML','TWW','TWW-E18','Left'),(1028,'1','TML','TWW','TWW-E19','Left'),(1029,'1','TML','TWW','TWW-E2','Left'),(1030,'1','TML','TWW','TWW-E20','Left'),(1031,'1','TML','TWW','TWW-E3','Left'),(1032,'1','TML','TWW','TWW-E4','Left'),(1033,'1','TML','TWW','TWW-E5','Left'),(1034,'1','TML','TWW','TWW-E6','Left'),(1035,'1','TML','TWW','TWW-E7','Left'),(1036,'1','TML','TWW','TWW-E8','Left'),(1037,'1','TML','TWW','TWW-E9','Left'),(1038,'1','EAL','UNI','UNI-E1','Left'),(1039,'1','EAL','UNI','UNI-E2','Left'),(1040,'1','EAL','UNI','UNI-E3','Left'),(1041,'1','EAL','UNI','UNI-E4','Left'),(1042,'1','ISL','WAC','WAC-E1','Left'),(1043,'1','TML','KAT','KAT-AE1','Left'),(1044,'1','TML','KAT','KAT-AE2','Left'),(1045,'1','TML','KAT','KAT-BE1','Left'),(1046,'1','TML','KAT','KAT-BE2','Left'),(1047,'1','TML','KAT','KAT-DE1','Left'),(1048,'1','TML','KAT','KAT-DE2','Left'),(1049,'1','TML','KAT','KAT-DE3','Left'),(1050,'1','TML','KAT','KAT-E1','Left'),(1051,'1','TML','KAT','KAT-E2','Left'),(1052,'1','TML','KAT','KAT-E3','Left'),(1053,'1','TML','KAT','KAT-E4','Left'),(1054,'1','TML','KAT','KAT-E5','Left'),(1055,'1','KTL','HOM','HOM-ES26','Left'),(1056,'1','ISL','KET','KET-ESC-01','Left'),(1057,'1','ISL','KET','KET-ESC-02','Left'),(1058,'1','ISL','KET','KET-ESC-03','Left'),(1059,'1','ISL','KET','KET-ESC-04','Left'),(1060,'1','ISL','KET','KET-ESC-05','Left'),(1061,'1','ISL','KET','KET-ESC-06','Left'),(1062,'1','ISL','KET','KET-ESC-07','Left'),(1063,'1','ISL','KET','KET-ESC-08','Left'),(1064,'1','ISL','KET','KET-ESC-09','Left'),(1065,'1','ISL','KET','KET-ESC-10','Left'),(1066,'1','SIL','LET','LET-E01','Left'),(1067,'1','EAL','LOW','LOW-E6','Left'),(1068,'1','SIL','LET','LET-E02','Left'),(1069,'1','TWL','MOK','MOK-E10','Left'),(1070,'1','TWL','MOK','MOK-E11','Left'),(1071,'1','TML','MOS','MOS-E1','Left'),(1072,'1','TML','MOS','MOS-E2','Left'),(1073,'1','TWL','MOK','MOK-E9','Left'),(1074,'1','SIL','OCP','OCP-ESC01','Left'),(1075,'1','SIL','OCP','OCP-ESC02','Left'),(1076,'1','SIL','OCP','OCP-ESC03','Left'),(1077,'1','TKL','POA','POA-AE1','Left'),(1078,'1','TKL','POA','POA-AE2','Left'),(1079,'1','TKL','POA','POA-AE3','Left'),(1080,'1','TKL','POA','POA-BE1','Left'),(1081,'1','TKL','POA','POA-BE2','Left'),(1082,'1','TKL','POA','POA-BE3','Left'),(1083,'1','TML','SHM','SHM-E1','Left'),(1084,'1','TML','SHM','SHM-E2','Left'),(1085,'1','SIL','OCP','OCP-ESC04','Left'),(1086,'1','SIL','SOH','SOH-E01','Left'),(1087,'1','SIL','SOH','SOH-E02','Left'),(1088,'1','SIL','SOH','SOH-E03','Left'),(1089,'1','SIL','SOH','SOH-E04','Left'),(1090,'1','SIL','SOH','SOH-E05','Left'),(1091,'1','TML','STW','STW-E2','Left'),(1092,'1','TML','STW','STW-E3','Left'),(1093,'1','TML','SUW','SUW-AE1','Left'),(1094,'1','TML','SUW','SUW-AE2','Left'),(1095,'1','TML','SUW','SUW-BE1','Left'),(1096,'1','TML','SUW','SUW-DE1','Left'),(1097,'1','TML','SUW','SUW-DE2','Left'),(1098,'1','TML','SUW','SUW-DE3','Left'),(1099,'1','TML','SUW','SUW-E1','Left'),(1100,'1','TML','SUW','SUW-E2','Left'),(1101,'1','TML','SUW','SUW-E3','Left'),(1102,'1','TML','SUW','SUW-E4','Left'),(1103,'1','SIL','SOH','SOH-E06','Left'),(1104,'1','ISL','SYP','SYP-ESC-01','Left'),(1105,'1','ISL','WAC','WAC-E10','Left'),(1106,'1','ISL','WAC','WAC-E2','Left'),(1107,'1','ISL','SYP','SYP-ESC-02','Left'),(1108,'1','ISL','SYP','SYP-ESC-04','Left'),(1109,'1','ISL','SYP','SYP-ESC-05','Left'),(1110,'1','ISL','SYP','SYP-ESC-06','Left'),(1111,'1','ISL','SYP','SYP-ESC-07','Left'),(1112,'1','ISL','SYP','SYP-ESC-08','Left'),(1113,'1','ISL','SYP','SYP-ESC-09','Left'),(1114,'1','ISL','SYP','SYP-ESC-10','Left'),(1115,'1','ISL','SYP','SYP-ESC-11','Left'),(1116,'1','ISL','SYP','SYP-ESC-12','Left'),(1117,'1','ISL','SYP','SYP-ESC-13','Left'),(1118,'1','ISL','SYP','SYP-ESC-14','Left'),(1119,'1','ISL','SYP','SYP-ESC-15','Left'),(1120,'1','ISL','SYP','SYP-ESC-16','Left'),(1121,'1','TML','TAW','TAW-E1','Left'),(1122,'1','TML','TAW','TAW-E10','Left'),(1123,'1','TML','TAW','TAW-E11','Left'),(1124,'1','TML','TAW','TAW-E12','Left'),(1125,'1','TML','TAW','TAW-E13','Left'),(1126,'1','TML','TAW','TAW-E14','Left'),(1127,'1','TML','TAW','TAW-E15','Left'),(1128,'1','TML','TAW','TAW-E17','Left'),(1129,'1','TML','TAW','TAW-E2','Left'),(1130,'1','TML','TAW','TAW-E3','Left'),(1131,'1','ISL','WAC','WAC-E3','Left'),(1132,'1','TML','TAW','TAW-E8','Left'),(1133,'1','TML','TAW','TAW-E9','Left'),(1134,'1','TKL','TIK','TIK-E1','Left'),(1135,'1','ISL','WAC','WAC-E4','Left'),(1136,'1','ISL','WAC','WAC-E5','Left'),(1137,'1','ISL','WAC','WAC-E6','Left'),(1138,'1','ISL','WAC','WAC-E7','Left'),(1139,'1','TKL','TIK','TIK-E2','Left'),(1140,'1','TKL','TIK','TIK-E3','Left'),(1141,'1','TKL','TIK','TIK-E4','Left'),(1142,'1','TKL','TIK','TIK-E5','Left'),(1143,'1','TKL','TIK','TIK-E6','Left'),(1144,'1','TKL','TIK','TIK-E7','Left'),(1145,'1','TKL','TIK','TIK-E8','Left'),(1146,'1','TKL','TKO','TKO-E1','Left'),(1147,'1','TKL','TKO','TKO-E2','Left'),(1148,'1','TKL','TKO','TKO-E3','Left'),(1149,'1','TKL','TKO','TKO-E4','Left'),(1150,'1','TKL','TKO','TKO-E5','Left'),(1151,'1','TKL','TKO','TKO-E6','Left'),(1152,'1','TKL','TKO','TKO-E7','Left'),(1153,'1','TML','SUW','TKW-AE1','Left'),(1154,'1','TML','SUW','TKW-BE1','Left'),(1155,'1','TML','SUW','TKW-CE1','Left'),(1156,'1','TML','SUW','TKW-DE1','Left'),(1157,'1','TML','SUW','TKW-E1','Left'),(1158,'1','ISL','WAC','WAC-E8','Left'),(1159,'1','ISL','WAC','WAC-E9','Left'),(1160,'1','TML','SUW','TKW-E2','Left'),(1161,'1','TML','SUW','TKW-E3','Left'),(1162,'1','TML','SUW','TKW-E4','Left'),(1163,'1','ISL','WAC','WAC-EA1','Left'),(1164,'1','ISL','WAC','WAC-EA2','Left'),(1165,'1','ISL','WAC','WAC-EA3','Left'),(1166,'1','KTL','WTS','WTS-AE1','Left'),(1167,'1','KTL','WTS','WTS-BE1','Left'),(1168,'1','TML','TSH','TSH-E3','Left'),(1169,'1','TML','TSH','TSH-E4','Left'),(1170,'1','TML','TSH','TSH-E6','Left'),(1171,'1','TML','TSH','TSH-E7','Left'),(1172,'1','KTL','WTS','WTS-BE2','Left'),(1173,'1','KTL','WTS','WTS-CE1','Left'),(1174,'1','KTL','WTS','WTS-CE2','Left'),(1175,'1','ISL','SYP','SYP-MW-01','Left'),(1176,'1','ISL','SYP','SYP-MW-02','Left'),(1177,'1','ISL','SYP','SYP-MW-03','Left'),(1178,'1','TWL','TST','TST-AE6','Left'),(1179,'1','TWL','TST','TST-AE7','Left'),(1180,'1','TWL','TST','TST-DE1','Left'),(1181,'1','TML','TWW','TWW-BE1','Left'),(1182,'1','TML','TWW','TWW-BE2','Left'),(1183,'1','SIL','WCH','WCH-E-01','Left'),(1184,'1','SIL','WCH','WCH-E-02','Left'),(1185,'1','SIL','WCH','WCH-E-03','Left'),(1186,'1','SIL','WCH','WCH-E-04','Left'),(1187,'1','SIL','WCH','WCH-E-05','Left'),(1188,'1','SIL','WCH','WCH-E-06','Left'),(1189,'1','KTL','WHA','WHA-E1','Left'),(1190,'1','KTL','WHA','WHA-E10','Left'),(1191,'1','KTL','WHA','WHA-E11','Left'),(1192,'1','KTL','WHA','WHA-E12','Left'),(1193,'1','KTL','WHA','WHA-E13','Left'),(1194,'1','KTL','WHA','WHA-E2','Left'),(1195,'1','KTL','WHA','WHA-E3','Left'),(1196,'1','TML','WKS','WKS-E1','Left'),(1197,'1','TML','WKS','WKS-E2','Left'),(1198,'1','TKL','YAT','YAT-E1','Left'),(1199,'1','TKL','YAT','YAT-E2','Left'),(1200,'1','TKL','YAT','YAT-E3','Left'),(1201,'1','TKL','YAT','YAT-E4','Left'),(1202,'1','TKL','YAT','YAT-E5','Left'),(1203,'1','TKL','YAT','YAT-E6','Left'),(1204,'1','TKL','YAT','YAT-E7','Left'),(1205,'1','TKL','YAT','YAT-E8','Left'),(1206,'1','KTL','WTS','WTS-DE1','Left'),(1207,'1','KTL','WHA','WHA-E4','Left'),(1208,'1','KTL','WHA','WHA-E5','Left'),(1209,'1','KTL','WTS','WTS-DE2','Left'),(1210,'1','KTL','WTS','WTS-E1','Left'),(1211,'1','KTL','WTS','WTS-E2','Left'),(1212,'1','KTL','WTS','WTS-E3','Left'),(1213,'1','KTL','WHA','WHA-E6','Left'),(1214,'1','KTL','WHA','WHA-E7','Left'),(1215,'1','KTL','WHA','WHA-E8','Left'),(1216,'1','KTL','WHA','WHA-E9','Left'),(1217,'1','KTL','WTS','WTS-E4','Left'),(1218,'1','KTL','WTS','WTS-E5','Left'),(1219,'1','KTL','WTS','WTS-E6','Left'),(1220,'1','KTL','WTS','WTS-EE1','Left'),(1221,'1','TWL','YMT','YMT-BE1','Left'),(1222,'1','TWL','YMT','YMT-CE1','Left'),(1223,'1','TWL','YMT','YMT-DE1','Left'),(1224,'1','TWL','YMT','YMT-E1','Left'),(1225,'1','TWL','YMT','YMT-E2','Left'),(1226,'1','TML','SUW','TKW-E5','Left'),(1227,'1','TML','SUW','TKW-E6','Left'),(1228,'1','TWL','YMT','YMT-E3','Left'),(1229,'1','TWL','YMT','YMT-E4','Left'),(1230,'1','TWL','YMT','YMT-E5','Left'),(1231,'1','TWL','YMT','YMT-E6','Left'),(1232,'1','TWL','YMT','YMT-E7','Left'),(1233,'1','TWL','YMT','YMT-E8','Left'),(1234,'1','TML','YUL','YUL-E1','Left'),(1235,'1','TML','YUL','YUL-E10','Left'),(1236,'1','TML','YUL','YUL-E11','Left'),(1237,'1','TML','YUL','YUL-E12','Left'),(1238,'1','TML','YUL','YUL-E2','Left'),(1239,'1','TML','YUL','YUL-E3','Left'),(1240,'1','TML','YUL','YUL-E4','Left'),(1241,'1','TML','YUL','YUL-E5','Left'),(1242,'1','TML','YUL','YUL-E6','Left'),(1243,'1','TML','YUL','YUL-E7','Left'),(1244,'1','TML','YUL','YUL-E8','Left'),(1245,'1','TML','YUL','YUL-E9','Left'),(1246,'1','TML','TAW','TAW-E18','Left'),(1247,'1','TML','TAW','TAW-E19','Left'),(1248,'1','TML','TAW','TAW-E20','Left'),(1249,'1','ISL','ADM','ADM-AE1','Right'),(1250,'1','ISL','ADM','ADM-BE1','Right'),(1251,'1','ISL','ADM','ADM-CE1','Right'),(1252,'1','ISL','ADM','ADM-DE1','Right'),(1253,'1','ISL','ADM','ADM-E1','Right'),(1254,'1','ISL','ADM','ADM-E18','Right'),(1255,'1','ISL','ADM','ADM-E19','Right'),(1256,'1','ISL','ADM','ADM-E2','Right'),(1257,'1','ISL','ADM','ADM-E20','Right'),(1258,'1','ISL','ADM','ADM-E21','Right'),(1259,'1','ISL','ADM','ADM-E22','Right'),(1260,'1','ISL','ADM','ADM-E26','Right'),(1261,'1','ISL','ADM','ADM-E27','Right'),(1262,'1','ISL','ADM','ADM-E28','Right'),(1263,'1','ISL','ADM','ADM-E29','Right'),(1264,'1','ISL','ADM','ADM-E30','Right'),(1265,'1','ISL','ADM','ADM-E31','Right'),(1266,'1','ISL','ADM','ADM-E32','Right'),(1267,'1','ISL','ADM','ADM-E33','Right'),(1268,'1','ISL','ADM','ADM-E34','Right'),(1269,'1','ISL','ADM','ADM-E35','Right'),(1270,'1','ISL','ADM','ADM-E36','Right'),(1271,'1','ISL','ADM','ADM-E5','Right'),(1272,'1','ISL','ADM','ADM-E6','Right'),(1273,'1','ISL','ADM','ADM-E7','Right'),(1274,'1','ISL','ADM','ADM-EE1','Right'),(1275,'1','ISL','ADM','ADM-EE2','Right'),(1276,'1','AEL','AIR','AIR-W1','Right'),(1277,'1','AEL','AIR','AIR-W2','Right'),(1278,'1','TML','AUS','AUS-E1','Right'),(1279,'1','TML','AUS','AUS-E10','Right'),(1280,'1','TML','AUS','AUS-E11','Right'),(1281,'1','TML','AUS','AUS-E12','Right'),(1282,'1','TML','AUS','AUS-E13','Right'),(1283,'1','TML','AUS','AUS-E14','Right'),(1284,'1','TML','AUS','AUS-E15','Right'),(1285,'1','TML','AUS','AUS-E19','Right'),(1286,'1','TML','AUS','AUS-E2','Right'),(1287,'1','TML','AUS','AUS-E20','Right'),(1288,'1','TML','AUS','AUS-E21','Right'),(1289,'1','TML','AUS','AUS-E22','Right'),(1290,'1','TML','AUS','AUS-E3','Right'),(1291,'1','TML','AUS','AUS-E4','Right'),(1292,'1','TML','AUS','AUS-E5','Right'),(1293,'1','TML','AUS','AUS-E6','Right'),(1294,'1','TML','AUS','AUS-E7','Right'),(1295,'1','TML','AUS','AUS-E8','Right'),(1296,'1','TML','AUS','AUS-E9','Right'),(1297,'1','AEL','AWE','AWE-E1','Right'),(1298,'1','AEL','AWE','AWE-E2','Right'),(1299,'1','AEL','AWE','AWE-E3','Right'),(1300,'1','ISL','CAB','CAB-AE1','Right'),(1301,'1','ISL','CAB','CAB-AE2','Right'),(1302,'1','ISL','CAB','CAB-AE3','Right'),(1303,'1','ISL','CAB','CAB-AE4','Right'),(1304,'1','ISL','CAB','CAB-BE1','Right'),(1305,'1','ISL','CAB','CAB-BE2','Right'),(1306,'1','ISL','CAB','CAB-DE1','Right'),(1307,'1','ISL','CAB','CAB-DE2','Right'),(1308,'1','ISL','CAB','CAB-E1','Right'),(1309,'1','ISL','CAB','CAB-E10','Right'),(1310,'1','ISL','ADM','ADM-E03','Right'),(1311,'1','ISL','ADM','ADM-E04','Right'),(1312,'1','ISL','ADM','ADM-E08','Right'),(1313,'1','ISL','CAB','CAB-E11','Right'),(1314,'1','ISL','CAB','CAB-E12','Right'),(1315,'1','ISL','CAB','CAB-E13','Right'),(1316,'1','ISL','CAB','CAB-E2','Right'),(1317,'1','ISL','CAB','CAB-E3','Right'),(1318,'1','ISL','CAB','CAB-E4','Right'),(1319,'1','ISL','CAB','CAB-E5','Right'),(1320,'1','ISL','CAB','CAB-E6','Right'),(1321,'1','ISL','CAB','CAB-E7','Right'),(1322,'1','ISL','CAB','CAB-E8','Right'),(1323,'1','ISL','CAB','CAB-E9','Right'),(1324,'1','ISL','CAB','CAB-EE1','Right'),(1325,'1','ISL','CAB','CAB-EE2','Right'),(1326,'1','ISL','CAB','CAB-EE3','Right'),(1327,'1','ISL','CAB','CAB-EE4','Right'),(1328,'1','ISL','CAB','CAB-FE1','Right'),(1329,'1','ISL','CAB','CAB-FE2','Right'),(1330,'1','ISL','CEN','CEN-AE1','Right'),(1331,'1','ISL','CEN','CEN-AE2','Right'),(1332,'1','ISL','CEN','CEN-AE3','Right'),(1333,'1','ISL','CEN','CEN-AE4','Right'),(1334,'1','ISL','CEN','CEN-AE5','Right'),(1335,'1','ISL','CEN','CEN-AE6','Right'),(1336,'1','ISL','CEN','CEN-BE1','Right'),(1337,'1','ISL','CEN','CEN-BE2','Right'),(1338,'1','ISL','CEN','CEN-BE4','Right'),(1339,'1','ISL','ADM','ADM-E09','Right'),(1340,'1','ISL','ADM','ADM-E10','Right'),(1341,'1','ISL','ADM','ADM-E12','Right'),(1342,'1','ISL','ADM','ADM-E13','Right'),(1343,'1','ISL','CEN','CEN-E1','Right'),(1344,'1','ISL','CEN','CEN-E10','Right'),(1345,'1','ISL','CEN','CEN-E11','Right'),(1346,'1','ISL','CEN','CEN-E12','Right'),(1347,'1','ISL','CEN','CEN-E13','Right'),(1348,'1','ISL','CEN','CEN-E14','Right'),(1349,'1','ISL','CEN','CEN-E15','Right'),(1350,'1','ISL','CEN','CEN-E16','Right'),(1351,'1','ISL','CEN','CEN-E17','Right'),(1352,'1','ISL','CEN','CEN-E18','Right'),(1353,'1','ISL','CEN','CEN-E19','Right'),(1354,'1','ISL','CEN','CEN-E2','Right'),(1355,'1','ISL','CEN','CEN-E20','Right'),(1356,'1','ISL','CEN','CEN-E21','Right'),(1357,'1','ISL','CEN','CEN-E22','Right'),(1358,'1','ISL','CEN','CEN-E23','Right'),(1359,'1','ISL','CEN','CEN-E24','Right'),(1360,'1','ISL','CEN','CEN-E25','Right'),(1361,'1','ISL','CEN','CEN-E3','Right'),(1362,'1','ISL','CEN','CEN-E4','Right'),(1363,'1','ISL','CEN','CEN-E5','Right'),(1364,'1','ISL','CEN','CEN-E6','Right'),(1365,'1','ISL','CEN','CEN-E8','Right'),(1366,'1','ISL','CEN','CEN-E9','Right'),(1367,'1','ISL','CEN','CEN-JE1','Right'),(1368,'1','ISL','CEN','CEN-JE2','Right'),(1369,'1','ISL','CEN','CEN-KE1','Right'),(1370,'1','ISL','CEN','CEN-KE2','Right'),(1371,'1','ISL','CEN','CEN-KE3','Right'),(1372,'1','KTL','CHH','CHH-BE1','Right'),(1373,'1','KTL','CHH','CHH-E1','Right'),(1374,'1','KTL','CHH','CHH-E2','Right'),(1375,'1','KTL','CHH','CHH-E3','Right'),(1376,'1','KTL','CHH','CHH-E4','Right'),(1377,'1','KTL','CHH','CHH-E5','Right'),(1378,'1','KTL','CHH','CHH-E6','Right'),(1379,'1','KTL','CHH','CHH-E7','Right'),(1380,'1','KTL','CHH','CHH-E8','Right'),(1381,'1','ISL','CHW','CHW-BE1','Right'),(1382,'1','ISL','CHW','CHW-BE2','Right'),(1383,'1','ISL','CHW','CHW-CE1','Right'),(1384,'1','ISL','CHW','CHW-CE2','Right'),(1385,'1','ISL','CHW','CHW-E1','Right'),(1386,'1','ISL','CHW','CHW-E2','Right'),(1387,'1','ISL','CHW','CHW-E3','Right'),(1388,'1','ISL','CHW','CHW-E4','Right'),(1389,'1','ISL','CHW','CHW-E5','Right'),(1390,'1','TWL','CSW','CSW-AE1','Right'),(1391,'1','TWL','CSW','CSW-AE2','Right'),(1392,'1','TWL','CSW','CSW-AE3','Right'),(1393,'1','TWL','CSW','CSW-BE1','Right'),(1394,'1','TWL','CSW','CSW-CE1','Right'),(1395,'1','TWL','CSW','CSW-E1','Right'),(1396,'1','TWL','CSW','CSW-E2','Right'),(1397,'1','TWL','CSW','CSW-E3','Right'),(1398,'1','TWL','CSW','CSW-E4','Right'),(1399,'1','TWL','CSW','CSW-E5','Right'),(1400,'1','KTL','DIH','DIH-AE1','Right'),(1401,'1','KTL','DIH','DIH-AE2','Right'),(1402,'1','KTL','DIH','DIH-AE3','Right'),(1403,'1','KTL','DIH','DIH-BE1','Right'),(1404,'1','KTL','DIH','DIH-CE1','Right'),(1405,'1','KTL','DIH','DIH-CE2','Right'),(1406,'1','KTL','DIH','DIH-CE3','Right'),(1407,'1','KTL','DIH','DIH-CE4','Right'),(1408,'1','KTL','DIH','DIH-E1','Right'),(1409,'1','KTL','DIH','DIH-E2','Right'),(1410,'1','KTL','DIH','DIH-E4','Right'),(1411,'1','KTL','DIH','DIH-E5','Right'),(1412,'1','DRL','DIS','DIS-E1','Right'),(1413,'1','DRL','DIS','DIS-E2','Right'),(1414,'1','TML','ETS','ETS-M5A','Right'),(1415,'1','TML','ETS','ETS-M5B','Right'),(1416,'1','TML','ETS','ETS-M5C','Right'),(1417,'1','TML','ETS','ETS-M5D','Right'),(1418,'1','TML','ETS','ETS-M6A','Right'),(1419,'1','TML','ETS','ETS-M6B','Right'),(1420,'1','EAL','EXC','EXC-AE1','Right'),(1421,'1','EAL','EXC','EXC-AE2','Right'),(1422,'1','EAL','EXC','EXC-AE3','Right'),(1423,'1','EAL','EXC','EXC-AE4','Right'),(1424,'1','EAL','EXC','EXC-AE5','Right'),(1425,'1','EAL','EXC','EXC-AE6','Right'),(1426,'1','EAL','EXC','EXC-BE1','Right'),(1427,'1','EAL','EXC','EXC-BE2','Right'),(1428,'1','EAL','EXC','EXC-BE3','Right'),(1429,'1','EAL','EXC','EXC-BE4','Right'),(1430,'1','EAL','EXC','EXC-BE5','Right'),(1431,'1','EAL','EXC','EXC-BE6','Right'),(1432,'1','EAL','EXC','EXC-BE7','Right'),(1433,'1','EAL','EXC','EXC-E1','Right'),(1434,'1','EAL','EXC','EXC-E10','Right'),(1435,'1','EAL','EXC','EXC-E11','Right'),(1436,'1','EAL','EXC','EXC-E2','Right'),(1437,'1','EAL','EXC','EXC-E3','Right'),(1438,'1','EAL','EXC','EXC-E4','Right'),(1439,'1','EAL','EXC','EXC-E5','Right'),(1440,'1','EAL','EXC','EXC-E6','Right'),(1441,'1','EAL','EXC','EXC-E7','Right'),(1442,'1','EAL','EXC','EXC-E8','Right'),(1443,'1','EAL','EXC','EXC-E9','Right'),(1444,'1','EAL','FAN','FAN-E1','Right'),(1445,'1','EAL','FAN','FAN-E2','Right'),(1446,'1','EAL','FAN','FAN-E3','Right'),(1447,'1','EAL','FAN','FAN-E4','Right'),(1448,'1','EAL','FAN','FAN-E5','Right'),(1449,'1','EAL','FAN','FAN-E6','Right'),(1450,'1','EAL','FAN','FAN-E7','Right'),(1451,'1','EAL','FAN','FAN-E8','Right'),(1452,'1','ISL','FOH','FOH-AE1','Right'),(1453,'1','ISL','FOH','FOH-BE1','Right'),(1454,'1','ISL','FOH','FOH-BE2','Right'),(1455,'1','ISL','FOH','FOH-E1','Right'),(1456,'1','ISL','FOH','FOH-E2','Right'),(1457,'1','ISL','FOH','FOH-E3','Right'),(1458,'1','ISL','FOH','FOH-E4','Right'),(1459,'1','EAL','FOT','FOT-E1','Right'),(1460,'1','EAL','FOT','FOT-E10','Right'),(1461,'1','EAL','FOT','FOT-E11','Right'),(1462,'1','EAL','FOT','FOT-E12','Right'),(1463,'1','EAL','FOT','FOT-E2','Right'),(1464,'1','EAL','FOT','FOT-E3','Right'),(1465,'1','EAL','FOT','FOT-E4','Right'),(1466,'1','EAL','FOT','FOT-E5','Right'),(1467,'1','EAL','FOT','FOT-E6','Right'),(1468,'1','EAL','FOT','FOT-E7','Right'),(1469,'1','EAL','FOT','FOT-E8','Right'),(1470,'1','EAL','FOT','FOT-E9','Right'),(1471,'1','ISL','HFC','HFC-AE1','Right'),(1472,'1','ISL','HFC','HFC-AE2','Right'),(1473,'1','ISL','HFC','HFC-E1','Right'),(1474,'1','ISL','HFC','HFC-E2','Right'),(1475,'1','TCL','HOK','HOK-E1','Right'),(1476,'1','TCL','HOK','HOK-E10','Right'),(1477,'1','TCL','HOK','HOK-E11','Right'),(1478,'1','TCL','HOK','HOK-E12','Right'),(1479,'1','TCL','HOK','HOK-E13','Right'),(1480,'1','TCL','HOK','HOK-E14','Right'),(1481,'1','TCL','HOK','HOK-E15','Right'),(1482,'1','TCL','HOK','HOK-E16','Right'),(1483,'1','TCL','HOK','HOK-E17','Right'),(1484,'1','TCL','HOK','HOK-E18','Right'),(1485,'1','TCL','HOK','HOK-E19','Right'),(1486,'1','TCL','HOK','HOK-E2','Right'),(1487,'1','TCL','HOK','HOK-E20','Right'),(1488,'1','TCL','HOK','HOK-E21','Right'),(1489,'1','TCL','HOK','HOK-E22','Right'),(1490,'1','TCL','HOK','HOK-E23','Right'),(1491,'1','TCL','HOK','HOK-E24','Right'),(1492,'1','TCL','HOK','HOK-E25','Right'),(1493,'1','TCL','HOK','HOK-E26','Right'),(1494,'1','TCL','HOK','HOK-E27','Right'),(1495,'1','TCL','HOK','HOK-E28','Right'),(1496,'1','TCL','HOK','HOK-E29','Right'),(1497,'1','TCL','HOK','HOK-E3','Right'),(1498,'1','TCL','HOK','HOK-E30','Right'),(1499,'1','TCL','HOK','HOK-E31','Right'),(1500,'1','TCL','HOK','HOK-E32','Right'),(1501,'1','TCL','HOK','HOK-E33','Right'),(1502,'1','TCL','HOK','HOK-E34','Right'),(1503,'1','TCL','HOK','HOK-E35','Right'),(1504,'1','TCL','HOK','HOK-E36','Right'),(1505,'1','TCL','HOK','HOK-E37','Right'),(1506,'1','TCL','HOK','HOK-E38','Right'),(1507,'1','TCL','HOK','HOK-E4','Right'),(1508,'1','TCL','HOK','HOK-E43','Right'),(1509,'1','TCL','HOK','HOK-E44','Right'),(1510,'1','TCL','HOK','HOK-E5','Right'),(1511,'1','TCL','HOK','HOK-E6','Right'),(1512,'1','TCL','HOK','HOK-E7','Right'),(1513,'1','TCL','HOK','HOK-E8','Right'),(1514,'1','TCL','HOK','HOK-E9','Right'),(1515,'1','TCL','HOK','HOK-PC1','Right'),(1516,'1','TCL','HOK','HOK-PC2','Right'),(1517,'1','TCL','HOK','HOK-PC3','Right'),(1518,'1','TCL','HOK','HOK-PC4','Right'),(1519,'1','EAL','HUH','HUH-E1','Right'),(1520,'1','EAL','HUH','HUH-E10','Right'),(1521,'1','EAL','HUH','HUH-E11','Right'),(1522,'1','EAL','HUH','HUH-E12','Right'),(1523,'1','EAL','HUH','HUH-E13','Right'),(1524,'1','EAL','HUH','HUH-E14','Right'),(1525,'1','EAL','HUH','HUH-E15','Right'),(1526,'1','EAL','HUH','HUH-E16','Right'),(1527,'1','EAL','HUH','HUH-E17','Right'),(1528,'1','EAL','HUH','HUH-E18','Right'),(1529,'1','EAL','HUH','HUH-E19','Right'),(1530,'1','EAL','HUH','HUH-E2','Right'),(1531,'1','EAL','HUH','HUH-E20','Right'),(1532,'1','EAL','HUH','HUH-E21','Right'),(1533,'1','EAL','HUH','HUH-E22','Right'),(1534,'1','EAL','HUH','HUH-E27','Right'),(1535,'1','EAL','HUH','HUH-E28','Right'),(1536,'1','EAL','HUH','HUH-E29','Right'),(1537,'1','EAL','HUH','HUH-E3','Right'),(1538,'1','EAL','HUH','HUH-E30','Right'),(1539,'1','EAL','HUH','HUH-E4','Right'),(1540,'1','EAL','HUH','HUH-E5','Right'),(1541,'1','EAL','HUH','HUH-E6','Right'),(1542,'1','EAL','HUH','HUH-E7','Right'),(1543,'1','EAL','HUH','HUH-E8','Right'),(1544,'1','EAL','HUH','HUH-E9','Right'),(1545,'1','TWL','JOR','JOR-CE1','Right'),(1546,'1','TWL','JOR','JOR-DE1','Right'),(1547,'1','TWL','JOR','JOR-DE2','Right'),(1548,'1','TWL','JOR','JOR-E1','Right'),(1549,'1','TWL','JOR','JOR-E2','Right'),(1550,'1','TWL','JOR','JOR-E3','Right'),(1551,'1','TWL','JOR','JOR-E4','Right'),(1552,'1','TWL','JOR','JOR-E5','Right'),(1553,'1','KTL','KOB','KOB-AE1','Right'),(1554,'1','KTL','KOB','KOB-AE2','Right'),(1555,'1','KTL','KOB','KOB-BE1','Right'),(1556,'1','KTL','KOB','KOB-BE2','Right'),(1557,'1','KTL','KOB','KOB-CE1','Right'),(1558,'1','KTL','KOB','KOB-CE2','Right'),(1559,'1','KTL','KOB','KOB-E1','Right'),(1560,'1','KTL','KOB','KOB-E2','Right'),(1561,'1','KTL','KOB','KOB-E3','Right'),(1562,'1','KTL','KOB','KOB-E4','Right'),(1563,'1','KTL','KOB','KOB-E5','Right'),(1564,'1','KTL','KOT','KOT-AE1','Right'),(1565,'1','KTL','KOT','KOT-CE1','Right'),(1566,'1','KTL','KOT','KOT-E1','Right'),(1567,'1','KTL','KOT','KOT-E2','Right'),(1568,'1','KTL','KOT','KOT-E3','Right'),(1569,'1','KTL','KOT','KOT-E4','Right'),(1570,'1','KTL','KOT','KOT-E5','Right'),(1571,'1','KTL','KOT','KOT-E6','Right'),(1572,'1','KTL','KOT','KOT-E7','Right'),(1573,'1','KTL','KOT','KOT-EE1','Right'),(1574,'1','KTL','KOT','KOT-ZE1','Right'),(1575,'1','KTL','KOT','KOT-ZE10','Right'),(1576,'1','KTL','KOT','KOT-ZE11','Right'),(1577,'1','KTL','KOT','KOT-ZE12','Right'),(1578,'1','KTL','KOT','KOT-ZE13','Right'),(1579,'1','KTL','KOT','KOT-ZE14','Right'),(1580,'1','KTL','KOT','KOT-ZE15','Right'),(1581,'1','KTL','KOT','KOT-ZE16','Right'),(1582,'1','KTL','KOT','KOT-ZE2','Right'),(1583,'1','KTL','KOT','KOT-ZE3','Right'),(1584,'1','KTL','KOT','KOT-ZE4','Right'),(1585,'1','KTL','KOT','KOT-ZE5','Right'),(1586,'1','KTL','KOT','KOT-ZE6','Right'),(1587,'1','KTL','KOT','KOT-ZE7','Right'),(1588,'1','KTL','KOT','KOT-ZE8','Right'),(1589,'1','KTL','KOT','KOT-ZE9','Right'),(1590,'1','TCL','KOW','KOW-E1','Right'),(1591,'1','TCL','KOW','KOW-E10','Right'),(1592,'1','TCL','KOW','KOW-E11','Right'),(1593,'1','TCL','KOW','KOW-E12','Right'),(1594,'1','TCL','KOW','KOW-E14','Right'),(1595,'1','TCL','KOW','KOW-E15','Right'),(1596,'1','TCL','KOW','KOW-E16','Right'),(1597,'1','TCL','KOW','KOW-E17','Right'),(1598,'1','TCL','KOW','KOW-E18','Right'),(1599,'1','TCL','KOW','KOW-E19','Right'),(1600,'1','TCL','KOW','KOW-E2','Right'),(1601,'1','TCL','KOW','KOW-E20','Right'),(1602,'1','TCL','KOW','KOW-E21','Right'),(1603,'1','TCL','KOW','KOW-E3','Right'),(1604,'1','TCL','KOW','KOW-E4','Right'),(1605,'1','TCL','KOW','KOW-E6','Right'),(1606,'1','TCL','KOW','KOW-E7','Right'),(1607,'1','TCL','KOW','KOW-E8','Right'),(1608,'1','TCL','KOW','KOW-E9','Right'),(1609,'1','TML','KSR','KSR-E1','Right'),(1610,'1','TML','KSR','KSR-E2','Right'),(1611,'1','TML','KSR','KSR-E3','Right'),(1612,'1','TML','KSR','KSR-E4','Right'),(1613,'1','TWL','KWF','KWF-E1','Right'),(1614,'1','TWL','KWF','KWF-E10','Right'),(1615,'1','TWL','KWF','KWF-E2','Right'),(1616,'1','TWL','KWF','KWF-E3','Right'),(1617,'1','TWL','KWF','KWF-E4','Right'),(1618,'1','TWL','KWF','KWF-E5','Right'),(1619,'1','TWL','KWF','KWF-E7','Right'),(1620,'1','TWL','KWF','KWF-E8','Right'),(1621,'1','TWL','KWF','KWF-E9','Right'),(1622,'1','TWL','KWH','KWH-E1','Right'),(1623,'1','TWL','KWH','KWH-E2','Right'),(1624,'1','TWL','KWH','KWH-E3','Right'),(1625,'1','TWL','KWH','KWH-E4','Right'),(1626,'1','KTL','KWT','KWT-E1','Right'),(1627,'1','KTL','KWT','KWT-E2','Right'),(1628,'1','KTL','DIH','DIH-E10','Right'),(1629,'1','KTL','KWT','KWT-E3','Right'),(1630,'1','KTL','KWT','KWT-E4','Right'),(1631,'1','KTL','KWT','KWT-E5','Right'),(1632,'1','KTL','KWT','KWT-E6','Right'),(1633,'1','TWL','LAK','LAK-AE1','Right'),(1634,'1','TWL','LAK','LAK-AE2','Right'),(1635,'1','TWL','LAK','LAK-AE3','Right'),(1636,'1','TWL','LAK','LAK-AE4','Right'),(1637,'1','TWL','LAK','LAK-AE5','Right'),(1638,'1','TWL','LAK','LAK-AE6','Right'),(1639,'1','TWL','LAK','LAK-E1','Right'),(1640,'1','TWL','LAK','LAK-E10','Right'),(1641,'1','TWL','LAK','LAK-E11','Right'),(1642,'1','ISL','ADM','ADM-E14','Right'),(1643,'1','TWL','LAK','LAK-E2','Right'),(1644,'1','TWL','LAK','LAK-E3','Right'),(1645,'1','TWL','LAK','LAK-E4','Right'),(1646,'1','TWL','LAK','LAK-E5','Right'),(1647,'1','TWL','LAK','LAK-E6','Right'),(1648,'1','TWL','LAK','LAK-E7','Right'),(1649,'1','TWL','LAK','LAK-E8','Right'),(1650,'1','TWL','LAK','LAK-E9','Right'),(1651,'1','KTL','LAT','LAT-AE1','Right'),(1652,'1','KTL','LAT','LAT-AE2','Right'),(1653,'1','KTL','LAT','LAT-AE3','Right'),(1654,'1','KTL','LAT','LAT-AE4','Right'),(1655,'1','KTL','LAT','LAT-AE5','Right'),(1656,'1','KTL','LAT','LAT-AE6','Right'),(1657,'1','KTL','LAT','LAT-AE7','Right'),(1658,'1','KTL','LAT','LAT-AE8','Right'),(1659,'1','KTL','DIH','DIH-E11','Right'),(1660,'1','KTL','DIH','DIH-E12','Right'),(1661,'1','KTL','DIH','DIH-E13','Right'),(1662,'1','KTL','LAT','LAT-AE9','Right'),(1663,'1','KTL','LAT','LAT-BE1','Right'),(1664,'1','KTL','LAT','LAT-DE1','Right'),(1665,'1','KTL','DIH','DIH-E14','Right'),(1666,'1','KTL','DIH','DIH-E15','Right'),(1667,'1','KTL','DIH','DIH-E16','Right'),(1668,'1','KTL','DIH','DIH-E17','Right'),(1669,'1','KTL','LAT','LAT-DE2','Right'),(1670,'1','KTL','LAT','LAT-E1','Right'),(1671,'1','KTL','LAT','LAT-E2','Right'),(1672,'1','KTL','LAT','LAT-E3','Right'),(1673,'1','KTL','LAT','LAT-E4','Right'),(1674,'1','KTL','LAT','LAT-E5','Right'),(1675,'1','TWL','LCK','LCK-AE1','Right'),(1676,'1','TWL','LCK','LCK-BE1','Right'),(1677,'1','TWL','LCK','LCK-BE2','Right'),(1678,'1','TWL','LCK','LCK-DE1','Right'),(1679,'1','TWL','LCK','LCK-DE2','Right'),(1680,'1','TWL','LCK','LCK-DE3','Right'),(1681,'1','TWL','LCK','LCK-E1','Right'),(1682,'1','TWL','LCK','LCK-E2','Right'),(1683,'1','TWL','LCK','LCK-E3','Right'),(1684,'1','TWL','LCK','LCK-E4','Right'),(1685,'1','TKL','LHP','LHP-E1','Right'),(1686,'1','TKL','LHP','LHP-E2','Right'),(1687,'1','TKL','LHP','LHP-E3','Right'),(1688,'1','TKL','LHP','LHP-E4','Right'),(1689,'1','EAL','LMC','LMC-E1','Right'),(1690,'1','EAL','LMC','LMC-E10','Right'),(1691,'1','EAL','LMC','LMC-E11','Right'),(1692,'1','EAL','LMC','LMC-E12','Right'),(1693,'1','EAL','LMC','LMC-E13','Right'),(1694,'1','EAL','LMC','LMC-E14','Right'),(1695,'1','EAL','LMC','LMC-E15','Right'),(1696,'1','EAL','LMC','LMC-E16','Right'),(1697,'1','EAL','LMC','LMC-E2','Right'),(1698,'1','EAL','LMC','LMC-E3','Right'),(1699,'1','EAL','LMC','LMC-E4','Right'),(1700,'1','EAL','LMC','LMC-E5','Right'),(1701,'1','EAL','LMC','LMC-E6','Right'),(1702,'1','EAL','LMC','LMC-E7','Right'),(1703,'1','EAL','LMC','LMC-E8','Right'),(1704,'1','EAL','LMC','LMC-E9','Right'),(1705,'1','EAL','LMC','LMC-M1','Right'),(1706,'1','EAL','LMC','LMC-M2','Right'),(1707,'1','EAL','LMC','LMC-M3','Right'),(1708,'1','EAL','LMC','LMC-M4','Right'),(1709,'1','KTL','LOF','LOF-E1','Right'),(1710,'1','KTL','LOF','LOF-E2','Right'),(1711,'1','KTL','LOF','LOF-E3','Right'),(1712,'1','TML','LOP','LOP-E1','Right'),(1713,'1','TML','LOP','LOP-E2','Right'),(1714,'1','TML','LOP','LOP-E3','Right'),(1715,'1','TML','LOP','LOP-E4','Right'),(1716,'1','TML','LOP','LOP-E5','Right'),(1717,'1','TML','LOP','LOP-E6','Right'),(1718,'1','ISL','ADM','ADM-E15','Right'),(1719,'1','TML','LOP','LOP-E7','Right'),(1720,'1','TML','LOP','LOP-E8','Right'),(1721,'1','EAL','LOW','LOW-E10','Right'),(1722,'1','EAL','LOW','LOW-E11','Right'),(1723,'1','EAL','LOW','LOW-E12','Right'),(1724,'1','EAL','LOW','LOW-E13','Right'),(1725,'1','EAL','LOW','LOW-E14','Right'),(1726,'1','EAL','LOW','LOW-E3','Right'),(1727,'1','EAL','LOW','LOW-E4','Right'),(1728,'1','EAL','LOW','LOW-E7','Right'),(1729,'1','EAL','LOW','LOW-E8','Right'),(1730,'1','EAL','LOW','LOW-E9','Right'),(1731,'1','EAL','LOW','LOW-M1','Right'),(1732,'1','EAL','LOW','LOW-M2','Right'),(1733,'1','EAL','LOW','LOW-M3','Right'),(1734,'1','TWL','MEF','MEF-BE1','Right'),(1735,'1','TWL','MEF','MEF-CE1','Right'),(1736,'1','TWL','MEF','MEF-CE2','Right'),(1737,'1','TWL','MEF','MEF-DE2','Right'),(1738,'1','TWL','MEF','MEF-DE3','Right'),(1739,'1','TWL','MEF','MEF-DE4','Right'),(1740,'1','TWL','MEF','MEF-DE5','Right'),(1741,'1','TWL','MEF','MEF-DE6','Right'),(1742,'1','TWL','MEF','MEF-DE7','Right'),(1743,'1','TWL','MEF','MEF-DE8','Right'),(1744,'1','TWL','MEF','MEF-DE9','Right'),(1745,'1','TWL','MEF','MEF-E1','Right'),(1746,'1','TWL','MEF','MEF-E2','Right'),(1747,'1','TWL','MEF','MEF-E3','Right'),(1748,'1','TWL','MEF','MEF-E4','Right'),(1749,'1','TWL','MEF','MEF-E5','Right'),(1750,'1','ISL','ADM','ADM-E16','Right'),(1751,'1','ISL','ADM','ADM-E17','Right'),(1752,'1','TWL','MEF','MEF-E6','Right'),(1753,'1','TWL','MEF','MEF-E7','Right'),(1754,'1','TWL','MEF','MEF-ZE1','Right'),(1755,'1','TWL','MEF','MEF-ZE10','Right'),(1756,'1','TWL','MEF','MEF-ZE11','Right'),(1757,'1','TWL','MEF','MEF-ZE12','Right'),(1758,'1','KTL','DIH','DIH-E18','Right'),(1759,'1','KTL','DIH','DIH-E3','Right'),(1760,'1','KTL','DIH','DIH-E6','Right'),(1761,'1','KTL','DIH','DIH-E7','Right'),(1762,'1','KTL','DIH','DIH-E8','Right'),(1763,'1','KTL','DIH','DIH-E9','Right'),(1764,'1','TML','HIK','HIK-E1','Right'),(1765,'1','TML','HIK','HIK-E2','Right'),(1766,'1','TML','HIK','HIK-E3','Right'),(1767,'1','TML','HIK','HIK-E4','Right'),(1768,'1','EAL','HUH','HUH-E31','Right'),(1769,'1','EAL','HUH','HUH-E32','Right'),(1770,'1','EAL','HUH','HUH-E33','Right'),(1771,'1','EAL','HUH','HUH-E34','Right'),(1772,'1','EAL','HUH','HUH-E35','Right'),(1773,'1','EAL','HUH','HUH-E36','Right'),(1774,'1','TWL','MEF','MEF-ZE13','Right'),(1775,'1','TWL','MEF','MEF-ZE14','Right'),(1776,'1','TWL','MEF','MEF-ZE15','Right'),(1777,'1','TWL','MEF','MEF-ZE16','Right'),(1778,'1','TWL','MEF','MEF-ZE17','Right'),(1779,'1','TWL','MEF','MEF-ZE2','Right'),(1780,'1','TWL','MEF','MEF-ZE3','Right'),(1781,'1','TWL','MEF','MEF-ZE4','Right'),(1782,'1','TWL','MEF','MEF-ZE5','Right'),(1783,'1','TWL','MEF','MEF-ZE6','Right'),(1784,'1','TWL','MEF','MEF-ZE7','Right'),(1785,'1','TWL','MEF','MEF-ZE8','Right'),(1786,'1','TWL','MEF','MEF-ZE9','Right'),(1787,'1','EAL','MKK','MKK-E1','Right'),(1788,'1','EAL','MKK','MKK-E2','Right'),(1789,'1','EAL','MKK','MKK-E3','Right'),(1790,'1','TML','CIO','CIO-E1','Right'),(1791,'1','EAL','MKK','MKK-E4','Right'),(1792,'1','EAL','MKK','MKK-E5','Right'),(1793,'1','EAL','MKK','MKK-E6','Right'),(1794,'1','EAL','MKK','MKK-E7','Right'),(1795,'1','EAL','MKK','MKK-E8','Right'),(1796,'1','TWL','MOK','MOK-AE1','Right'),(1797,'1','TWL','MOK','MOK-BE1','Right'),(1798,'1','TWL','MOK','MOK-BE2','Right'),(1799,'1','TWL','MOK','MOK-CE1','Right'),(1800,'1','TWL','MOK','MOK-CE2','Right'),(1801,'1','TML','CIO','CIO-E2','Right'),(1802,'1','TWL','MOK','MOK-CE3','Right'),(1803,'1','TWL','MOK','MOK-DE1','Right'),(1804,'1','TWL','MOK','MOK-E1','Right'),(1805,'1','ISL','ADM','ADM-E23','Right'),(1806,'1','TWL','MOK','MOK-E2','Right'),(1807,'1','TWL','MOK','MOK-E3','Right'),(1808,'1','TWL','MOK','MOK-E4','Right'),(1809,'1','TWL','MOK','MOK-E5','Right'),(1810,'1','TWL','MOK','MOK-E6','Right'),(1811,'1','TWL','MOK','MOK-E7','Right'),(1812,'1','TWL','MOK','MOK-E8','Right'),(1813,'1','TWL','MOK','MOK-EE1','Right'),(1814,'1','TWL','MOK','MOK-EE2','Right'),(1815,'1','TML','NAC','NAC-E1','Right'),(1816,'1','TML','NAC','NAC-E10','Right'),(1817,'1','TML','NAC','NAC-E11','Right'),(1818,'1','TML','NAC','NAC-E12','Right'),(1819,'1','TML','NAC','NAC-E13','Right'),(1820,'1','TML','NAC','NAC-E14','Right'),(1821,'1','TML','NAC','NAC-E15','Right'),(1822,'1','TML','NAC','NAC-E16','Right'),(1823,'1','TML','NAC','NAC-E17','Right'),(1824,'1','TML','NAC','NAC-E18','Right'),(1825,'1','TML','NAC','NAC-E19','Right'),(1826,'1','TML','NAC','NAC-E2','Right'),(1827,'1','TML','NAC','NAC-E20','Right'),(1828,'1','TML','NAC','NAC-E21','Right'),(1829,'1','TML','NAC','NAC-E22','Right'),(1830,'1','TML','NAC','NAC-E23','Right'),(1831,'1','TML','NAC','NAC-E24','Right'),(1832,'1','TML','NAC','NAC-E25','Right'),(1833,'1','TML','NAC','NAC-E26','Right'),(1834,'1','TML','NAC','NAC-E27','Right'),(1835,'1','TML','NAC','NAC-E28','Right'),(1836,'1','TML','NAC','NAC-E29','Right'),(1837,'1','TML','NAC','NAC-E3','Right'),(1838,'1','TML','NAC','NAC-E30','Right'),(1839,'1','TML','NAC','NAC-E31','Right'),(1840,'1','TML','CKT','CKT-E1','Right'),(1841,'1','TML','CKT','CKT-E2','Right'),(1842,'1','TML','NAC','NAC-E32','Right'),(1843,'1','TML','NAC','NAC-E33','Right'),(1844,'1','TML','NAC','NAC-E34','Right'),(1845,'1','TML','NAC','NAC-E35','Right'),(1846,'1','TML','NAC','NAC-E36','Right'),(1847,'1','TML','NAC','NAC-E37','Right'),(1848,'1','TML','NAC','NAC-E38','Right'),(1849,'1','TML','NAC','NAC-E39','Right'),(1850,'1','TML','NAC','NAC-E4','Right'),(1851,'1','TML','NAC','NAC-E40','Right'),(1852,'1','TML','NAC','NAC-E41','Right'),(1853,'1','TML','NAC','NAC-E42','Right'),(1854,'1','TML','NAC','NAC-E43','Right'),(1855,'1','TML','NAC','NAC-E44','Right'),(1856,'1','TML','NAC','NAC-E45','Right'),(1857,'1','TML','NAC','NAC-E46','Right'),(1858,'1','TML','NAC','NAC-E5','Right'),(1859,'1','TML','NAC','NAC-E6','Right'),(1860,'1','TML','NAC','NAC-E7','Right'),(1861,'1','TML','NAC','NAC-E8','Right'),(1862,'1','TML','NAC','NAC-E9','Right'),(1863,'1','ISL','NOP','NOP-AE1','Right'),(1864,'1','ISL','NOP','NOP-AE2','Right'),(1865,'1','ISL','NOP','NOP-BE1','Right'),(1866,'1','ISL','NOP','NOP-BE2','Right'),(1867,'1','ISL','NOP','NOP-BE3','Right'),(1868,'1','ISL','NOP','NOP-BE4','Right'),(1869,'1','ISL','NOP','NOP-BE5','Right'),(1870,'1','ISL','NOP','NOP-BE6','Right'),(1871,'1','ISL','NOP','NOP-E1','Right'),(1872,'1','ISL','NOP','NOP-E10','Right'),(1873,'1','ISL','NOP','NOP-E2','Right'),(1874,'1','ISL','NOP','NOP-E3','Right'),(1875,'1','ISL','NOP','NOP-E4','Right'),(1876,'1','ISL','NOP','NOP-E5','Right'),(1877,'1','ISL','NOP','NOP-E6','Right'),(1878,'1','ISL','NOP','NOP-E7','Right'),(1879,'1','ISL','NOP','NOP-E8','Right'),(1880,'1','ISL','NOP','NOP-E9','Right'),(1881,'1','KTL','NTK','NTK-E1','Right'),(1882,'1','KTL','NTK','NTK-E2','Right'),(1883,'1','KTL','NTK','NTK-E3','Right'),(1884,'1','TCL','OLY','OLY-CE1','Right'),(1885,'1','TCL','OLY','OLY-CE2','Right'),(1886,'1','TCL','OLY','OLY-E1','Right'),(1887,'1','TCL','OLY','OLY-E2','Right'),(1888,'1','TCL','OLY','OLY-E3','Right'),(1889,'1','TCL','OLY','OLY-E4','Right'),(1890,'1','TWL','PRE','PRE-AE1','Right'),(1891,'1','EAL','HUH','HUH-E37','Right'),(1892,'1','EAL','HUH','HUH-E38','Right'),(1893,'1','ISL','ADM','ADM-E24','Right'),(1894,'1','ISL','ADM','ADM-E25','Right'),(1895,'1','ISL','ADM','ADM-E37','Right'),(1896,'1','TWL','PRE','PRE-BE1','Right'),(1897,'1','TWL','PRE','PRE-BE2','Right'),(1898,'1','TWL','PRE','PRE-CE1','Right'),(1899,'1','TWL','PRE','PRE-DE1','Right'),(1900,'1','TWL','PRE','PRE-E1','Right'),(1901,'1','TWL','PRE','PRE-E2','Right'),(1902,'1','ISL','ADM','ADM-E38','Right'),(1903,'1','ISL','ADM','ADM-E39','Right'),(1904,'1','ISL','ADM','ADM-E40','Right'),(1905,'1','TWL','PRE','PRE-E3','Right'),(1906,'1','TWL','PRE','PRE-E4','Right'),(1907,'1','TML','AUS','AUS-E16','Right'),(1908,'1','TML','AUS','AUS-E17','Right'),(1909,'1','TML','CKT','CKT-E3','Right'),(1910,'1','TML','CKT','CKT-E4','Right'),(1911,'1','TML','ETS','ETS-M1A','Right'),(1912,'1','TML','ETS','ETS-M1B','Right'),(1913,'1','TML','ETS','ETS-M1C','Right'),(1914,'1','TML','ETS','ETS-M1D','Right'),(1915,'1','ISL','HKU','HKU-ESC-01','Right'),(1916,'1','ISL','HKU','HKU-ESC-02','Right'),(1917,'1','TWL','PRE','PRE-E5','Right'),(1918,'1','TWL','PRE','PRE-E6','Right'),(1919,'1','TWL','PRE','PRE-E7','Right'),(1920,'1','TWL','PRE','PRE-E8','Right'),(1921,'1','TWL','PRE','PRE-EE1','Right'),(1922,'1','EAL','HUH','HUH-E39','Right'),(1923,'1','EAL','HUH','HUH-E40','Right'),(1924,'1','EAL','HUH','HUH-E41','Right'),(1925,'1','EAL','HUH','HUH-E42','Right'),(1926,'1','EAL','HUH','HUH-E43','Right'),(1927,'1','EAL','HUH','HUH-E44','Right'),(1928,'1','ISL','QUB','QUB-BE1','Right'),(1929,'1','TML','ETS','ETS-M2A','Right'),(1930,'1','ISL','QUB','QUB-BE2','Right'),(1931,'1','ISL','QUB','QUB-BE3','Right'),(1932,'1','ISL','QUB','QUB-BE4','Right'),(1933,'1','ISL','QUB','QUB-BE5','Right'),(1934,'1','ISL','QUB','QUB-BE6','Right'),(1935,'1','ISL','QUB','QUB-E1','Right'),(1936,'1','ISL','QUB','QUB-E10','Right'),(1937,'1','ISL','QUB','QUB-E11','Right'),(1938,'1','ISL','QUB','QUB-E12','Right'),(1939,'1','ISL','QUB','QUB-E13','Right'),(1940,'1','ISL','QUB','QUB-E14','Right'),(1941,'1','ISL','QUB','QUB-E15','Right'),(1942,'1','ISL','QUB','QUB-E16','Right'),(1943,'1','ISL','QUB','QUB-E17','Right'),(1944,'1','ISL','QUB','QUB-E18','Right'),(1945,'1','ISL','QUB','QUB-E19','Right'),(1946,'1','ISL','QUB','QUB-E2','Right'),(1947,'1','ISL','QUB','QUB-E20','Right'),(1948,'1','ISL','QUB','QUB-E21','Right'),(1949,'1','ISL','QUB','QUB-E22','Right'),(1950,'1','ISL','QUB','QUB-E23','Right'),(1951,'1','ISL','QUB','QUB-E24','Right'),(1952,'1','ISL','QUB','QUB-E25','Right'),(1953,'1','ISL','QUB','QUB-E26','Right'),(1954,'1','ISL','QUB','QUB-E3','Right'),(1955,'1','TML','ETS','ETS-M2B','Right'),(1956,'1','TML','ETS','ETS-M3A','Right'),(1957,'1','TML','ETS','ETS-M3B','Right'),(1958,'1','TML','ETS','ETS-M3C','Right'),(1959,'1','ISL','QUB','QUB-E4','Right'),(1960,'1','ISL','QUB','QUB-E5','Right'),(1961,'1','ISL','QUB','QUB-E6','Right'),(1962,'1','ISL','QUB','QUB-E7','Right'),(1963,'1','TML','ETS','ETS-ZE1','Right'),(1964,'1','ISL','QUB','QUB-E8','Right'),(1965,'1','ISL','QUB','QUB-E9','Right'),(1966,'1','EAL','SHS','SHS-E1','Right'),(1967,'1','EAL','SHS','SHS-E10','Right'),(1968,'1','EAL','SHS','SHS-E11','Right'),(1969,'1','EAL','SHS','SHS-E12','Right'),(1970,'1','EAL','SHS','SHS-E2','Right'),(1971,'1','EAL','SHS','SHS-E3','Right'),(1972,'1','EAL','SHS','SHS-E4','Right'),(1973,'1','EAL','SHS','SHS-E5','Right'),(1974,'1','EAL','SHS','SHS-E6','Right'),(1975,'1','EAL','SHS','SHS-E7','Right'),(1976,'1','EAL','SHS','SHS-E8','Right'),(1977,'1','EAL','SHS','SHS-E9','Right'),(1978,'1','EAL','SHT','SHT-E1','Right'),(1979,'1','EAL','SHT','SHT-E2','Right'),(1980,'1','EAL','SHT','SHT-E3','Right'),(1981,'1','EAL','SHT','SHT-E4','Right'),(1982,'1','EAL','SHT','SHT-E5','Right'),(1983,'1','EAL','SHT','SHT-E6','Right'),(1984,'1','EAL','SHT','SHT-E7','Right'),(1985,'1','EAL','SHT','SHT-E8','Right'),(1986,'1','ISL','SHW','SHW-AE1','Right'),(1987,'1','ISL','SHW','SHW-BE1','Right'),(1988,'1','ISL','SHW','SHW-E1','Right'),(1989,'1','ISL','SHW','SHW-E10','Right'),(1990,'1','ISL','SHW','SHW-E11','Right'),(1991,'1','ISL','SHW','SHW-E12','Right'),(1992,'1','ISL','SHW','SHW-E13','Right'),(1993,'1','ISL','SHW','SHW-E14','Right'),(1994,'1','ISL','SHW','SHW-E15','Right'),(1995,'1','ISL','SHW','SHW-E16','Right'),(1996,'1','ISL','SHW','SHW-E17','Right'),(1997,'1','ISL','SHW','SHW-E2','Right'),(1998,'1','ISL','SHW','SHW-E3','Right'),(1999,'1','ISL','SHW','SHW-E4','Right'),(2000,'1','ISL','SHW','SHW-E5','Right'),(2001,'1','ISL','SHW','SHW-E6','Right'),(2002,'1','ISL','SHW','SHW-E7','Right'),(2003,'1','ISL','SHW','SHW-E8','Right'),(2004,'1','ISL','SHW','SHW-E9','Right'),(2005,'1','ISL','SHW','SHW-EE1','Right'),(2006,'1','ISL','SHW','SHW-EE2','Right'),(2007,'1','ISL','SHW','SHW-EE3','Right'),(2008,'1','ISL','SHW','SHW-EE4','Right'),(2009,'1','TML','SIH','SIH-E1','Right'),(2010,'1','TML','SIH','SIH-E10','Right'),(2011,'1','TML','SIH','SIH-E11','Right'),(2012,'1','TML','SIH','SIH-E2','Right'),(2013,'1','TML','SIH','SIH-E3','Right'),(2014,'1','TML','SIH','SIH-E4','Right'),(2015,'1','TML','SIH','SIH-E5','Right'),(2016,'1','TML','SIH','SIH-E6','Right'),(2017,'1','TML','SIH','SIH-E7','Right'),(2018,'1','TML','SIH','SIH-E8','Right'),(2019,'1','TML','SIH','SIH-E9','Right'),(2020,'1','KTL','SKM','SKM-AE1','Right'),(2021,'1','KTL','SKM','SKM-BE1','Right'),(2022,'1','KTL','SKM','SKM-CE1','Right'),(2023,'1','KTL','SKM','SKM-CE2','Right'),(2024,'1','KTL','SKM','SKM-E1','Right'),(2025,'1','KTL','SKM','SKM-E2','Right'),(2026,'1','KTL','SKM','SKM-E3','Right'),(2027,'1','KTL','SKM','SKM-E4','Right'),(2028,'1','ISL','SKW','SKW-AE1','Right'),(2029,'1','ISL','SKW','SKW-AE2','Right'),(2030,'1','ISL','SKW','SKW-AE3','Right'),(2031,'1','ISL','SKW','SKW-AE4','Right'),(2032,'1','ISL','SKW','SKW-BE1','Right'),(2033,'1','ISL','SKW','SKW-CE1','Right'),(2034,'1','ISL','SKW','SKW-DE1','Right'),(2035,'1','ISL','SKW','SKW-E1','Right'),(2036,'1','ISL','SKW','SKW-E2','Right'),(2037,'1','ISL','SKW','SKW-E3','Right'),(2038,'1','ISL','SKW','SKW-E4','Right'),(2039,'1','ISL','SKW','SKW-E5','Right'),(2040,'1','TWL','SSP','SSP-AE1','Right'),(2041,'1','TWL','SSP','SSP-BE1','Right'),(2042,'1','TWL','SSP','SSP-CE1','Right'),(2043,'1','TWL','SSP','SSP-DE1','Right'),(2044,'1','TWL','SSP','SSP-E1','Right'),(2045,'1','TWL','SSP','SSP-E2','Right'),(2046,'1','TWL','SSP','SSP-E3','Right'),(2047,'1','TWL','SSP','SSP-E4','Right'),(2048,'1','TWL','SSP','SSP-E5','Right'),(2049,'1','DRL','SUN','SUN-E1','Right'),(2050,'1','DRL','SUN','SUN-E3','Right'),(2051,'1','DRL','SUN','SUN-E5','Right'),(2052,'1','DRL','SUN','SUN-E8','Right'),(2053,'1','ISL','SWH','SWH-AE1','Right'),(2054,'1','ISL','SWH','SWH-AE2','Right'),(2055,'1','ISL','SWH','SWH-BE1','Right'),(2056,'1','ISL','SWH','SWH-BE2','Right'),(2057,'1','ISL','SWH','SWH-E1','Right'),(2058,'1','ISL','SWH','SWH-E2','Right'),(2059,'1','ISL','SWH','SWH-E3','Right'),(2060,'1','ISL','SWH','SWH-E4','Right'),(2061,'1','ISL','SWH','SWH-E5','Right'),(2062,'1','ISL','SWH','SWH-E6','Right'),(2063,'1','ISL','TAK','TAK-AE1','Right'),(2064,'1','ISL','TAK','TAK-AE2','Right'),(2065,'1','ISL','TAK','TAK-AE3','Right'),(2066,'1','ISL','TAK','TAK-AE4','Right'),(2067,'1','ISL','TAK','TAK-BE1','Right'),(2068,'1','ISL','TAK','TAK-BE2','Right'),(2069,'1','ISL','TAK','TAK-BE3','Right'),(2070,'1','ISL','TAK','TAK-BE4','Right'),(2071,'1','ISL','TAK','TAK-CE1','Right'),(2072,'1','ISL','TAK','TAK-CE2','Right'),(2073,'1','ISL','TAK','TAK-CE3','Right'),(2074,'1','ISL','TAK','TAK-CE4','Right'),(2075,'1','ISL','TAK','TAK-DE1','Right'),(2076,'1','ISL','TAK','TAK-DE2','Right'),(2077,'1','ISL','TAK','TAK-DE3','Right'),(2078,'1','ISL','TAK','TAK-E1','Right'),(2079,'1','ISL','TAK','TAK-E2','Right'),(2080,'1','ISL','TAK','TAK-E3','Right'),(2081,'1','ISL','TAK','TAK-E4','Right'),(2082,'1','ISL','TAK','TAK-E5','Right'),(2083,'1','ISL','TAK','TAK-E6','Right'),(2084,'1','ISL','TAK','TAK-EE1','Right'),(2085,'1','ISL','TAK','TAK-EE2','Right'),(2086,'1','ISL','TAK','TAK-EE3','Right'),(2087,'1','ISL','TAK','TAK-EE4','Right'),(2088,'1','EAL','TAP','TAP-E1','Right'),(2089,'1','EAL','TAP','TAP-E2','Right'),(2090,'1','EAL','TAP','TAP-E3','Right'),(2091,'1','EAL','TAP','TAP-E4','Right'),(2092,'1','EAL','TAP','TAP-E5','Right'),(2093,'1','EAL','TAP','TAP-E6','Right'),(2094,'1','EAL','TAP','TAP-E7','Right'),(2095,'1','EAL','TAP','TAP-E8','Right'),(2096,'1','TML','TAW','TAW-E16','Right'),(2097,'1','TML','TAW','TAW-E4','Right'),(2098,'1','TML','TAW','TAW-E5','Right'),(2099,'1','TML','TAW','TAW-E6','Right'),(2100,'1','TML','TAW','TAW-E7','Right'),(2101,'1','ISL','TIH','TIH-AE1','Right'),(2102,'1','ISL','TIH','TIH-AE2','Right'),(2103,'1','ISL','TIH','TIH-AE3','Right'),(2104,'1','ISL','TIH','TIH-AE4','Right'),(2105,'1','ISL','TIH','TIH-AE5','Right'),(2106,'1','ISL','TIH','TIH-E1','Right'),(2107,'1','ISL','TIH','TIH-E2','Right'),(2108,'1','ISL','TIH','TIH-E3','Right'),(2109,'1','ISL','TIH','TIH-E4','Right'),(2110,'1','ISL','TIH','TIH-E5','Right'),(2111,'1','ISL','TIH','TIH-E6','Right'),(2112,'1','ISL','TIH','TIH-E7','Right'),(2113,'1','ISL','TIH','TIH-E8','Right'),(2114,'1','TML','TIS','TIS-E1','Right'),(2115,'1','TML','TIS','TIS-E10','Right'),(2116,'1','TML','TIS','TIS-E11','Right'),(2117,'1','TML','TIS','TIS-E13','Right'),(2118,'1','TML','ETS','ETS-ZE10','Right'),(2119,'1','TML','ETS','ETS-ZE11','Right'),(2120,'1','TML','ETS','ETS-ZE13','Right'),(2121,'1','TML','ETS','ETS-ZE2','Right'),(2122,'1','TML','ETS','ETS-ZE21','Right'),(2123,'1','TML','ETS','ETS-ZE23','Right'),(2124,'1','TML','ETS','ETS-ZE3','Right'),(2125,'1','TML','ETS','ETS-ZE4','Right'),(2126,'1','TML','ETS','ETS-ZE5','Right'),(2127,'1','TML','ETS','ETS-ZE6','Right'),(2128,'1','TML','ETS','ETS-ZE7','Right'),(2129,'1','TML','ETS','ETS-ZE8','Right'),(2130,'1','TML','ETS','ETS-ZE9','Right'),(2131,'1','TKL','HAH','HAH-E1','Right'),(2132,'1','TKL','HAH','HAH-E2','Right'),(2133,'1','TKL','HAH','HAH-E3','Right'),(2134,'1','TKL','HAH','HAH-E4','Right'),(2135,'1','TKL','HAH','HAH-E5','Right'),(2136,'1','TKL','HAH','HAH-E6','Right'),(2137,'1','TKL','HAH','HAH-E7','Right'),(2138,'1','TKL','HAH','HAH-E8','Right'),(2139,'1','TML','HEO','HEO-E1','Right'),(2140,'1','TML','HEO','HEO-E2','Right'),(2141,'1','TML','HEO','HEO-E3','Right'),(2142,'1','TML','HEO','HEO-E4','Right'),(2143,'1','EAL','HUH','HUH-E45','Right'),(2144,'1','EAL','HUH','HUH-E46','Right'),(2145,'1','EAL','HUH','HUH-E47','Right'),(2146,'1','EAL','HUH','HUH-E48','Right'),(2147,'1','ISL','HKU','HKU-ESC-03','Right'),(2148,'1','ISL','HKU','HKU-ESC-04','Right'),(2149,'1','EAL','HUH','HUH-E50','Right'),(2150,'1','TML','TIS','TIS-E14','Right'),(2151,'1','ISL','HKU','HKU-ESC-05','Right'),(2152,'1','TML','TIS','TIS-E2','Right'),(2153,'1','ISL','HKU','HKU-ESC-06','Right'),(2154,'1','ISL','HKU','HKU-ESC-07','Right'),(2155,'1','ISL','HKU','HKU-ESC-10','Right'),(2156,'1','ISL','HKU','HKU-ESC-11','Right'),(2157,'1','ISL','HKU','HKU-ESC-12','Right'),(2158,'1','TML','TIS','TIS-E3','Right'),(2159,'1','TML','TIS','TIS-E4','Right'),(2160,'1','ISL','HKU','HKU-ESC-13','Right'),(2161,'1','TML','TIS','TIS-E5','Right'),(2162,'1','ISL','HKU','HKU-ESC-14','Right'),(2163,'1','ISL','HKU','HKU-ESC-15','Right'),(2164,'1','ISL','HKU','HKU-MW-01','Right'),(2165,'1','TML','TIS','TIS-E6','Right'),(2166,'1','TML','TIS','TIS-E7','Right'),(2167,'1','ISL','HKU','HKU-MW-02','Right'),(2168,'1','KTL','HOM','HOM-ES03','Right'),(2169,'1','KTL','HOM','HOM-ES04','Right'),(2170,'1','KTL','HOM','HOM-ES05','Right'),(2171,'1','TML','TIS','TIS-E8','Right'),(2172,'1','TML','TIS','TIS-E9','Right'),(2173,'1','TWL','TST','TST-AE1','Right'),(2174,'1','TWL','TST','TST-AE2','Right'),(2175,'1','TWL','TST','TST-AE3','Right'),(2176,'1','TWL','TST','TST-AE4','Right'),(2177,'1','TWL','TST','TST-AE5','Right'),(2178,'1','TWL','TST','TST-BE1','Right'),(2179,'1','TWL','TST','TST-BE2','Right'),(2180,'1','TWL','TST','TST-CE1','Right'),(2181,'1','TWL','TST','TST-E1','Right'),(2182,'1','TWL','TST','TST-E2','Right'),(2183,'1','TWL','TST','TST-E3','Right'),(2184,'1','TWL','TST','TST-E4','Right'),(2185,'1','TWL','TST','TST-E5','Right'),(2186,'1','TWL','TST','TST-E6','Right'),(2187,'1','KTL','HOM','HOM-ES06','Right'),(2188,'1','KTL','HOM','HOM-ES07','Right'),(2189,'1','TWL','TST','TST-E7','Right'),(2190,'1','TWL','TST','TST-E8','Right'),(2191,'1','TWL','TST','TST-E9','Right'),(2192,'1','TWL','TSW','TSW-E1','Right'),(2193,'1','TWL','TSW','TSW-E10','Right'),(2194,'1','TWL','TSW','TSW-E2','Right'),(2195,'1','TWL','TSW','TSW-E3','Right'),(2196,'1','TWL','TSW','TSW-E4','Right'),(2197,'1','TWL','TSW','TSW-E5','Right'),(2198,'1','TWL','TSW','TSW-E6','Right'),(2199,'1','TWL','TSW','TSW-E7','Right'),(2200,'1','TWL','TSW','TSW-E8','Right'),(2201,'1','TWL','TSW','TSW-E9','Right'),(2202,'1','TCL','TSY','TSY-E1','Right'),(2203,'1','TCL','TSY','TSY-E10','Right'),(2204,'1','TCL','TSY','TSY-E11','Right'),(2205,'1','TCL','TSY','TSY-E12','Right'),(2206,'1','TCL','TSY','TSY-E13','Right'),(2207,'1','TCL','TSY','TSY-E14','Right'),(2208,'1','TCL','TSY','TSY-E2','Right'),(2209,'1','TCL','TSY','TSY-E3','Right'),(2210,'1','EAL','HUH','HUH-E51','Right'),(2211,'1','EAL','HUH','HUH-E52','Right'),(2212,'1','TCL','TSY','TSY-E4','Right'),(2213,'1','TCL','TSY','TSY-E5','Right'),(2214,'1','TCL','TSY','TSY-E6','Right'),(2215,'1','TCL','TSY','TSY-E7','Right'),(2216,'1','TCL','TSY','TSY-E8','Right'),(2217,'1','TCL','TSY','TSY-E9','Right'),(2218,'1','TCL','TUC','TUC-AE1','Right'),(2219,'1','TCL','TUC','TUC-AE2','Right'),(2220,'1','TCL','TUC','TUC-E1','Right'),(2221,'1','TCL','TUC','TUC-E2','Right'),(2222,'1','TCL','TUC','TUC-E3','Right'),(2223,'1','TCL','TUC','TUC-E4','Right'),(2224,'1','TCL','TUC','TUC-E5','Right'),(2225,'1','TCL','TUC','TUC-E6','Right'),(2226,'1','TCL','TUC','TUC-E7','Right'),(2227,'1','TML','TUM','TUM-E1','Right'),(2228,'1','TML','TUM','TUM-E10','Right'),(2229,'1','TML','TUM','TUM-E11','Right'),(2230,'1','TML','TUM','TUM-E12','Right'),(2231,'1','TML','TUM','TUM-E13','Right'),(2232,'1','TML','TUM','TUM-E14','Right'),(2233,'1','TML','TUM','TUM-E2','Right'),(2234,'1','TML','TUM','TUM-E3','Right'),(2235,'1','TML','TUM','TUM-E4','Right'),(2236,'1','TML','TUM','TUM-E5','Right'),(2237,'1','TML','TUM','TUM-E6','Right'),(2238,'1','TML','TUM','TUM-E7','Right'),(2239,'1','TML','TUM','TUM-E8','Right'),(2240,'1','TML','TUM','TUM-E9','Right'),(2241,'1','TWL','TWH','TWH-E2','Right'),(2242,'1','TWL','TWH','TWH-E3','Right'),(2243,'1','EAL','TWO','TWO-E1','Right'),(2244,'1','EAL','TWO','TWO-E2','Right'),(2245,'1','EAL','TWO','TWO-E3','Right'),(2246,'1','EAL','TWO','TWO-E4','Right'),(2247,'1','EAL','TWO','TWO-E5','Right'),(2248,'1','EAL','TWO','TWO-E6','Right'),(2249,'1','TML','TWW','TWW-E1','Right'),(2250,'1','TML','TWW','TWW-E10','Right'),(2251,'1','KTL','HOM','HOM-ES08','Right'),(2252,'1','KTL','HOM','HOM-ES09','Right'),(2253,'1','KTL','HOM','HOM-ES10','Right'),(2254,'1','KTL','HOM','HOM-ES12','Right'),(2255,'1','KTL','HOM','HOM-ES14','Right'),(2256,'1','KTL','HOM','HOM-ES15','Right'),(2257,'1','KTL','HOM','HOM-ES16','Right'),(2258,'1','KTL','HOM','HOM-ES17','Right'),(2259,'1','KTL','HOM','HOM-ES19','Right'),(2260,'1','KTL','HOM','HOM-ES20','Right'),(2261,'1','KTL','HOM','HOM-ES21','Right'),(2262,'1','KTL','HOM','HOM-ES22','Right'),(2263,'1','KTL','HOM','HOM-ES23','Right'),(2264,'1','KTL','HOM','HOM-ES24','Right'),(2265,'1','KTL','HOM','HOM-ES25','Right'),(2266,'1','EAL','HUH','HUH-E53','Right'),(2267,'1','TML','TWW','TWW-E11','Right'),(2268,'1','TML','TWW','TWW-E12','Right'),(2269,'1','TML','TWW','TWW-E13','Right'),(2270,'1','TML','TWW','TWW-E14','Right'),(2271,'1','TML','TWW','TWW-E15','Right'),(2272,'1','TML','TWW','TWW-E16','Right'),(2273,'1','TML','TWW','TWW-E17','Right'),(2274,'1','TML','TWW','TWW-E18','Right'),(2275,'1','TML','TWW','TWW-E19','Right'),(2276,'1','TML','TWW','TWW-E2','Right'),(2277,'1','TML','TWW','TWW-E20','Right'),(2278,'1','TML','TWW','TWW-E3','Right'),(2279,'1','TML','TWW','TWW-E4','Right'),(2280,'1','TML','TWW','TWW-E5','Right'),(2281,'1','TML','TWW','TWW-E6','Right'),(2282,'1','TML','TWW','TWW-E7','Right'),(2283,'1','TML','TWW','TWW-E8','Right'),(2284,'1','TML','TWW','TWW-E9','Right'),(2285,'1','EAL','UNI','UNI-E1','Right'),(2286,'1','EAL','UNI','UNI-E2','Right'),(2287,'1','EAL','UNI','UNI-E3','Right'),(2288,'1','EAL','UNI','UNI-E4','Right'),(2289,'1','ISL','WAC','WAC-E1','Right'),(2290,'1','TML','KAT','KAT-AE1','Right'),(2291,'1','TML','KAT','KAT-AE2','Right'),(2292,'1','TML','KAT','KAT-BE1','Right'),(2293,'1','TML','KAT','KAT-BE2','Right'),(2294,'1','TML','KAT','KAT-DE1','Right'),(2295,'1','TML','KAT','KAT-DE2','Right'),(2296,'1','TML','KAT','KAT-DE3','Right'),(2297,'1','TML','KAT','KAT-E1','Right'),(2298,'1','TML','KAT','KAT-E2','Right'),(2299,'1','TML','KAT','KAT-E3','Right'),(2300,'1','TML','KAT','KAT-E4','Right'),(2301,'1','TML','KAT','KAT-E5','Right'),(2302,'1','KTL','HOM','HOM-ES26','Right'),(2303,'1','ISL','KET','KET-ESC-01','Right'),(2304,'1','ISL','KET','KET-ESC-02','Right'),(2305,'1','ISL','KET','KET-ESC-03','Right'),(2306,'1','ISL','KET','KET-ESC-04','Right'),(2307,'1','ISL','KET','KET-ESC-05','Right'),(2308,'1','ISL','KET','KET-ESC-06','Right'),(2309,'1','ISL','KET','KET-ESC-07','Right'),(2310,'1','ISL','KET','KET-ESC-08','Right'),(2311,'1','ISL','KET','KET-ESC-09','Right'),(2312,'1','ISL','KET','KET-ESC-10','Right'),(2313,'1','SIL','LET','LET-E01','Right'),(2314,'1','EAL','LOW','LOW-E6','Right'),(2315,'1','SIL','LET','LET-E02','Right'),(2316,'1','TWL','MOK','MOK-E10','Right'),(2317,'1','TWL','MOK','MOK-E11','Right'),(2318,'1','TML','MOS','MOS-E1','Right'),(2319,'1','TML','MOS','MOS-E2','Right'),(2320,'1','TWL','MOK','MOK-E9','Right'),(2321,'1','SIL','OCP','OCP-ESC01','Right'),(2322,'1','SIL','OCP','OCP-ESC02','Right'),(2323,'1','SIL','OCP','OCP-ESC03','Right'),(2324,'1','TKL','POA','POA-AE1','Right'),(2325,'1','TKL','POA','POA-AE2','Right'),(2326,'1','TKL','POA','POA-AE3','Right'),(2327,'1','TKL','POA','POA-BE1','Right'),(2328,'1','TKL','POA','POA-BE2','Right'),(2329,'1','TKL','POA','POA-BE3','Right'),(2330,'1','TML','SHM','SHM-E1','Right'),(2331,'1','TML','SHM','SHM-E2','Right'),(2332,'1','SIL','OCP','OCP-ESC04','Right'),(2333,'1','SIL','SOH','SOH-E01','Right'),(2334,'1','SIL','SOH','SOH-E02','Right'),(2335,'1','SIL','SOH','SOH-E03','Right'),(2336,'1','SIL','SOH','SOH-E04','Right'),(2337,'1','SIL','SOH','SOH-E05','Right'),(2338,'1','TML','STW','STW-E2','Right'),(2339,'1','TML','STW','STW-E3','Right'),(2340,'1','TML','SUW','SUW-AE1','Right'),(2341,'1','TML','SUW','SUW-AE2','Right'),(2342,'1','TML','SUW','SUW-BE1','Right'),(2343,'1','TML','SUW','SUW-DE1','Right'),(2344,'1','TML','SUW','SUW-DE2','Right'),(2345,'1','TML','SUW','SUW-DE3','Right'),(2346,'1','TML','SUW','SUW-E1','Right'),(2347,'1','TML','SUW','SUW-E2','Right'),(2348,'1','TML','SUW','SUW-E3','Right'),(2349,'1','TML','SUW','SUW-E4','Right'),(2350,'1','SIL','SOH','SOH-E06','Right'),(2351,'1','ISL','SYP','SYP-ESC-01','Right'),(2352,'1','ISL','WAC','WAC-E10','Right'),(2353,'1','ISL','WAC','WAC-E2','Right'),(2354,'1','ISL','SYP','SYP-ESC-02','Right'),(2355,'1','ISL','SYP','SYP-ESC-04','Right'),(2356,'1','ISL','SYP','SYP-ESC-05','Right'),(2357,'1','ISL','SYP','SYP-ESC-06','Right'),(2358,'1','ISL','SYP','SYP-ESC-07','Right'),(2359,'1','ISL','SYP','SYP-ESC-08','Right'),(2360,'1','ISL','SYP','SYP-ESC-09','Right'),(2361,'1','ISL','SYP','SYP-ESC-10','Right'),(2362,'1','ISL','SYP','SYP-ESC-11','Right'),(2363,'1','ISL','SYP','SYP-ESC-12','Right'),(2364,'1','ISL','SYP','SYP-ESC-13','Right'),(2365,'1','ISL','SYP','SYP-ESC-14','Right'),(2366,'1','ISL','SYP','SYP-ESC-15','Right'),(2367,'1','ISL','SYP','SYP-ESC-16','Right'),(2368,'1','TML','TAW','TAW-E1','Right'),(2369,'1','TML','TAW','TAW-E10','Right'),(2370,'1','TML','TAW','TAW-E11','Right'),(2371,'1','TML','TAW','TAW-E12','Right'),(2372,'1','TML','TAW','TAW-E13','Right'),(2373,'1','TML','TAW','TAW-E14','Right'),(2374,'1','TML','TAW','TAW-E15','Right'),(2375,'1','TML','TAW','TAW-E17','Right'),(2376,'1','TML','TAW','TAW-E2','Right'),(2377,'1','TML','TAW','TAW-E3','Right'),(2378,'1','ISL','WAC','WAC-E3','Right'),(2379,'1','TML','TAW','TAW-E8','Right'),(2380,'1','TML','TAW','TAW-E9','Right'),(2381,'1','TKL','TIK','TIK-E1','Right'),(2382,'1','ISL','WAC','WAC-E4','Right'),(2383,'1','ISL','WAC','WAC-E5','Right'),(2384,'1','ISL','WAC','WAC-E6','Right'),(2385,'1','ISL','WAC','WAC-E7','Right'),(2386,'1','TKL','TIK','TIK-E2','Right'),(2387,'1','TKL','TIK','TIK-E3','Right'),(2388,'1','TKL','TIK','TIK-E4','Right'),(2389,'1','TKL','TIK','TIK-E5','Right'),(2390,'1','TKL','TIK','TIK-E6','Right'),(2391,'1','TKL','TIK','TIK-E7','Right'),(2392,'1','TKL','TIK','TIK-E8','Right'),(2393,'1','TKL','TKO','TKO-E1','Right'),(2394,'1','TKL','TKO','TKO-E2','Right'),(2395,'1','TKL','TKO','TKO-E3','Right'),(2396,'1','TKL','TKO','TKO-E4','Right'),(2397,'1','TKL','TKO','TKO-E5','Right'),(2398,'1','TKL','TKO','TKO-E6','Right'),(2399,'1','TKL','TKO','TKO-E7','Right'),(2400,'1','TML','SUW','TKW-AE1','Right'),(2401,'1','TML','SUW','TKW-BE1','Right'),(2402,'1','TML','SUW','TKW-CE1','Right'),(2403,'1','TML','SUW','TKW-DE1','Right'),(2404,'1','TML','SUW','TKW-E1','Right'),(2405,'1','ISL','WAC','WAC-E8','Right'),(2406,'1','ISL','WAC','WAC-E9','Right'),(2407,'1','TML','SUW','TKW-E2','Right'),(2408,'1','TML','SUW','TKW-E3','Right'),(2409,'1','TML','SUW','TKW-E4','Right'),(2410,'1','ISL','WAC','WAC-EA1','Right'),(2411,'1','ISL','WAC','WAC-EA2','Right'),(2412,'1','ISL','WAC','WAC-EA3','Right'),(2413,'1','KTL','WTS','WTS-AE1','Right'),(2414,'1','KTL','WTS','WTS-BE1','Right'),(2415,'1','TML','TSH','TSH-E3','Right'),(2416,'1','TML','TSH','TSH-E4','Right'),(2417,'1','TML','TSH','TSH-E6','Right'),(2418,'1','TML','TSH','TSH-E7','Right'),(2419,'1','KTL','WTS','WTS-BE2','Right'),(2420,'1','KTL','WTS','WTS-CE1','Right'),(2421,'1','KTL','WTS','WTS-CE2','Right'),(2422,'1','ISL','SYP','SYP-MW-01','Right'),(2423,'1','ISL','SYP','SYP-MW-02','Right'),(2424,'1','ISL','SYP','SYP-MW-03','Right'),(2425,'1','TWL','TST','TST-AE6','Right'),(2426,'1','TWL','TST','TST-AE7','Right'),(2427,'1','TWL','TST','TST-DE1','Right'),(2428,'1','TML','TWW','TWW-BE1','Right'),(2429,'1','TML','TWW','TWW-BE2','Right'),(2430,'1','SIL','WCH','WCH-E-01','Right'),(2431,'1','SIL','WCH','WCH-E-02','Right'),(2432,'1','SIL','WCH','WCH-E-03','Right'),(2433,'1','SIL','WCH','WCH-E-04','Right'),(2434,'1','SIL','WCH','WCH-E-05','Right'),(2435,'1','SIL','WCH','WCH-E-06','Right'),(2436,'1','KTL','WHA','WHA-E1','Right'),(2437,'1','KTL','WHA','WHA-E10','Right'),(2438,'1','KTL','WHA','WHA-E11','Right'),(2439,'1','KTL','WHA','WHA-E12','Right'),(2440,'1','KTL','WHA','WHA-E13','Right'),(2441,'1','KTL','WHA','WHA-E2','Right'),(2442,'1','KTL','WHA','WHA-E3','Right'),(2443,'1','TML','WKS','WKS-E1','Right'),(2444,'1','TML','WKS','WKS-E2','Right'),(2445,'1','TKL','YAT','YAT-E1','Right'),(2446,'1','TKL','YAT','YAT-E2','Right'),(2447,'1','TKL','YAT','YAT-E3','Right'),(2448,'1','TKL','YAT','YAT-E4','Right'),(2449,'1','TKL','YAT','YAT-E5','Right'),(2450,'1','TKL','YAT','YAT-E6','Right'),(2451,'1','TKL','YAT','YAT-E7','Right'),(2452,'1','TKL','YAT','YAT-E8','Right'),(2453,'1','KTL','WTS','WTS-DE1','Right'),(2454,'1','KTL','WHA','WHA-E4','Right'),(2455,'1','KTL','WHA','WHA-E5','Right'),(2456,'1','KTL','WTS','WTS-DE2','Right'),(2457,'1','KTL','WTS','WTS-E1','Right'),(2458,'1','KTL','WTS','WTS-E2','Right'),(2459,'1','KTL','WTS','WTS-E3','Right'),(2460,'1','KTL','WHA','WHA-E6','Right'),(2461,'1','KTL','WHA','WHA-E7','Right'),(2462,'1','KTL','WHA','WHA-E8','Right'),(2463,'1','KTL','WHA','WHA-E9','Right'),(2464,'1','KTL','WTS','WTS-E4','Right'),(2465,'1','KTL','WTS','WTS-E5','Right'),(2466,'1','KTL','WTS','WTS-E6','Right'),(2467,'1','KTL','WTS','WTS-EE1','Right'),(2468,'1','TWL','YMT','YMT-BE1','Right'),(2469,'1','TWL','YMT','YMT-CE1','Right'),(2470,'1','TWL','YMT','YMT-DE1','Right'),(2471,'1','TWL','YMT','YMT-E1','Right'),(2472,'1','TWL','YMT','YMT-E2','Right'),(2473,'1','TML','SUW','TKW-E5','Right'),(2474,'1','TML','SUW','TKW-E6','Right'),(2475,'1','TWL','YMT','YMT-E3','Right'),(2476,'1','TWL','YMT','YMT-E4','Right'),(2477,'1','TWL','YMT','YMT-E5','Right'),(2478,'1','TWL','YMT','YMT-E6','Right'),(2479,'1','TWL','YMT','YMT-E7','Right'),(2480,'1','TWL','YMT','YMT-E8','Right'),(2481,'1','TML','YUL','YUL-E1','Right'),(2482,'1','TML','YUL','YUL-E10','Right'),(2483,'1','TML','YUL','YUL-E11','Right'),(2484,'1','TML','YUL','YUL-E12','Right'),(2485,'1','TML','YUL','YUL-E2','Right'),(2486,'1','TML','YUL','YUL-E3','Right'),(2487,'1','TML','YUL','YUL-E4','Right'),(2488,'1','TML','YUL','YUL-E5','Right'),(2489,'1','TML','YUL','YUL-E6','Right'),(2490,'1','TML','YUL','YUL-E7','Right'),(2491,'1','TML','YUL','YUL-E8','Right'),(2492,'1','TML','YUL','YUL-E9','Right'),(2493,'1','TML','TAW','TAW-E18','Right'),(2494,'1','TML','TAW','TAW-E19','Right'),(2495,'1','TML','TAW','TAW-E20','Right');
/*!40000 ALTER TABLE `webapp_handrail` ENABLE KEYS */;
UNLOCK TABLES;
/*!40103 SET TIME_ZONE=@OLD_TIME_ZONE */;

/*!40101 SET SQL_MODE=@OLD_SQL_MODE */;
/*!40014 SET FOREIGN_KEY_CHECKS=@OLD_FOREIGN_KEY_CHECKS */;
/*!40014 SET UNIQUE_CHECKS=@OLD_UNIQUE_CHECKS */;
/*!40101 SET CHARACTER_SET_CLIENT=@OLD_CHARACTER_SET_CLIENT */;
/*!40101 SET CHARACTER_SET_RESULTS=@OLD_CHARACTER_SET_RESULTS */;
/*!40101 SET COLLATION_CONNECTION=@OLD_COLLATION_CONNECTION */;
/*!40111 SET SQL_NOTES=@OLD_SQL_NOTES */;

-- Dump completed on 2024-03-14 12:06:09
